,A
0,47.17606520184128
1,47.04133209717641
2,47.17606520184128
3,47.04133209717641
4,48.531706696275336
5,46.54267681477083
6,48.37043238412828
7,46.45059621398235
8,48.53170669640701
9,48.37043238399916
10,46.45059621398451
11,46.542676814773344
12,47.13952588958182
13,47.140465268764615
14,47.073425635660264
15,47.072769501983124
16,46.4505961595085
17,46.45059621398237
18,47.13952588958182
19,47.1404652687645
20,47.07342563566018
21,47.072769501983124
22,46.45059615950847
23,46.45059621398241
24,47.13952588958178
25,47.14046526876455
26,47.07342563566052
27,47.07276950198312
28,48.37043238779071
29,48.531706711264164
30,48.00075720517809
31,47.525199616294216
32,46.87262927966296
33,46.72478199431114
34,47.927451892588934
35,47.461193217125384
36,46.839628344889384
37,46.61706691960656
38,47.01886730598566
39,47.17611246051143
40,47.05202126246196
41,47.16753783892245
42,47.03644860809368
43,47.08094291240976
44,47.12802689601015
45,46.95947251559958
46,47.556106212895976
47,46.76421510605
48,46.794797380196144
49,46.97025505374591
50,46.963008437232716
51,47.08422787641515
52,46.90097755972164
53,47.083529478698004
54,46.952125798693565
55,46.74389959291667
56,46.71861126082757
57,46.90205608923357
58,46.37115857536887
59,46.75626789028429
60,46.9479414221631
61,46.30178759378858
62,46.866167784257016
63,46.38675892319585
64,47.12802689601018
65,46.8237387560247
66,47.38290669637562
67,46.92552847597129
68,46.882368824213586
69,47.032310811624704
70,47.083509091728175
71,47.08422787641524
72,47.10741016208658
73,46.869878532866665
74,46.63459106278037
75,46.731754040104995
76,46.71087383512578
77,47.27096811987427
78,47.48450689883564
79,46.93396536365263
80,46.39833196110196
81,47.25565310681195
82,46.95475947369655
83,46.604546754417825
84,47.128026896010276
85,47.299502276073405
86,47.18090316895625
87,47.101539353045496
88,47.01496633656643
89,46.95103331009037
90,47.02758589801097
91,47.08422787641544
92,47.67386664243999
93,47.321615364968864
94,46.99393511976025
95,46.91381625881108
96,47.36789141723226
97,46.75718759579106
98,47.15218809388077
99,47.10027390506338
100,46.48118456532125
101,47.20530107861741
102,46.92794028507197
103,47.031356276986614
104,47.23915653539005
105,48.43358188675144
106,47.091862127137546
107,46.91293931117932
108,47.122334504807306
109,47.04988576621771
110,47.09670773939931
111,46.96167261011195
112,47.12319449608783
113,47.213771425065154
114,47.16729905828451
115,47.15709796631713
116,47.089681964233
117,47.02269035018195
118,47.06878900651672
119,46.98596797714837
120,47.08896323757009
121,47.12252819874864
122,47.4717723326114
123,46.85086434186616
124,47.510731185830025
125,46.889839260633124
126,47.08111936097914
127,47.198651349402866
128,46.69044121700894
129,48.03416619105326
130,46.54310351334968
131,48.072039860530424
132,47.13865944892285
133,46.66889580312225
134,47.41990465475182
135,46.53557293835598
136,47.148034049308606
137,47.28693725437726
138,47.30927999567348
139,47.3914816412656
140,47.12233450480744
141,47.011559466764524
142,47.477467146303425
143,47.110972298480675
144,47.17112176991457
145,46.98215608883301
146,47.0327470640997
147,47.05002467442965
148,47.132268788589656
149,46.963726642201856
150,46.98152495930101
151,47.089681964233
152,47.37396658757012
153,46.77874835521023
154,46.74921269155203
155,47.224651956484976
156,46.80606861439754
157,46.8701793658318
158,47.049570287856326
159,46.98310877350863
160,46.90712980326845
161,47.435590812237514
162,47.20808153514438
163,47.0207438545551
164,46.49380623329971
165,47.463001228136626
166,47.31277942868383
167,47.089113817505066
168,46.83463256521358
169,47.5906976254826
170,47.17797477525443
171,46.79594279292302
172,47.30725585973897
173,47.2463617268716
174,47.03322616459296
175,46.566821732168876
176,47.1189371927739
177,47.077140938262446
178,46.9338475876467
179,47.080759973939436
180,47.069937114693765
181,46.98198707581477
182,21807918.12400975
183,47.00639558263478
184,46.8754218985124
185,47.189723546528626
186,7649177.899519736
187,47.26908074927425
188,981293223.6304779
189,47.14801987863913
190,905989220.8772662
191,47.092961369077486
192,47.18751345157153
193,46.989885887369816
194,46.853994874595266
195,47.08393807390449
196,46.839396049939396
197,47.09224084391877
198,47.12851864020712
199,47.18881485466881
200,47.12235692296533
201,47.515244858041356
202,410754108.3847897
203,46.85107674163684
204,46.44946554932944
205,47.03465120796023
206,47.30136676195367
207,46.74307778346608
208,47.03632480222477
209,47.16303783671195
210,47.10651473019737
211,47.244645610179575
212,47.072506353996445
213,46.46617962004073
214,46.62513801973209
215,48.27088520509422
216,46.81225524773675
217,47.19551974586365
218,47.34936206122883
219,47.00765918102237
220,47.35296772746334
221,47.217804898010044
222,47.2250058268301
223,47.31420459902342
224,47.05295809939392
225,47.06094081553616
226,47.06504211522704
227,47.00669368670048
228,47.118937192774354
229,46.94379415713869
230,47.082803148697494
231,47.10939819240062
232,47.19745138017116
233,47.113330070987345
234,29855692.069853514
235,47.05377734781406
236,46.896187102710826
237,47.267262396390144
238,9185631.401484303
239,47.08208603755484
240,354705565.36865044
241,47.068427713258025
242,416339316.1365324
243,47.09296136907773
244,47.24036546820625
245,46.881060374972265
246,46.90007779273618
247,47.634228185935854
248,46.97267856083533
249,47.169114107119256
250,46.975954463912736
251,46.99064711067032
252,46.97781384207027
253,47.01713477790558
254,46.96545877773041
255,46.828470356138
256,46.87108051350034
257,47.40058515830297
258,109930839.61559919
259,46.49165369744131
260,47.29038593143263
261,47.14887957077311
262,47.18710724638741
263,47.029914768878065
264,47.05221507546719
265,47.03788354071133
266,47.135376477844495
267,46.900502901643314
268,47.36012042166617
269,47.21938337693327
270,47.116737132972766
271,47.30605370100027
272,47.12801029768446
273,46.660869979957646
274,47.147812640995284
275,47.57919818725054
276,46.760626724579616
277,47.189594062810706
278,46.80580476443252
279,47.25992153983469
280,46.775533618216656
281,47.662835061385394
282,46.831565188523
283,46.87557164526964
284,46.899125115588205
285,47.184144237653584
286,47.11667983443128
287,46.95546830969006
288,47.10519602022632
289,47.106581384974454
290,47.32427925911762
291,47.10542085217094
292,47.33758853688407
293,47.189278557866565
294,22691092.82235212
295,47.046177492825734
296,46.99586625448726
297,46.921473860938
298,4180482.3301330153
299,46.96823775428746
300,3934482.9822987122
301,47.13881935076255
302,2320583.703144403
303,47.136814412304936
304,34517402.33191264
305,47.09512251893026
306,47.24190865272766
307,47.200518121529875
308,46.95278849793929
309,47.41161862206898
310,47.134593529967404
311,47.33255451727463
312,47.23052314736633
313,47.1366904186053
314,47.03091912558526
315,47.00104572926494
316,46.9442455831668
317,46.981035079907905
318,46.943242615297585
319,46.95186479650771
320,46.94231802237564
321,46.812115812705954
322,46.87157877916703
323,47.38994443966885
324,15669491.525439259
325,46.47352772214245
326,47.28338761460994
327,47.002067341259476
328,47.17401825788614
329,47.02693468933234
330,47.10396819246849
331,46.93842819456632
332,47.15483717957844
333,46.85842633026016
334,47.17211068994151
335,47.47558024817047
336,47.23635145018885
337,47.18901921547915
338,47.26505890137001
339,47.48615817596827
340,47.00932442047498
341,46.96838675273318
342,46.72941518486046
343,47.03736432373923
344,46.86714359082661
345,46.93379593440808
346,46.65983014274877
347,47.037227119375544
348,47.10241414143586
349,47.11128628115479
350,47.03165720882386
351,47.427392034005
352,46.88685086494852
353,46.89298974184605
354,47.59000813860272
355,47.184956316043966
356,47.32679551182499
357,47.185325193641674
358,47.11451726610127
359,46.84371751446678
360,46.99740916021651
361,47.131556948083215
362,46.99461155048186
363,47.157451291748885
364,47.192900340203416
365,47.05402767334607
366,47.07031896261594
367,47.26742757576058
368,46.947154117533216
369,47.06141368019468
370,47.35903444437143
371,47.30890386844992
372,47.06133296377286
373,47.070654860863215
374,47.11507110617845
375,46.90899174002156
376,46.99992510800251
377,47.0692515737695
378,47.065659837459414
379,47.01953406072706
380,47.184336403171535
381,47.03016582946613
382,47.3388914691846
383,47.090602881626694
384,1155938.7779137685
385,47.08543454811704
386,46.95753706108475
387,46.89267323063527
388,477903.91552765726
389,47.05860321080434
390,228305.52150093115
391,47.17269749867438
392,1042797.9849502081
393,47.19141630089163
394,5053307.303582263
395,47.10515424562768
396,3147601.3820800595
397,47.096610048047566
398,47.272431388810695
399,47.014333136582835
400,46.90772201063417
401,47.030722847669054
402,46.96719604121064
403,47.204149719117375
404,47.07247153417423
405,47.35933282081884
406,47.151001632691866
407,47.22157529195857
408,47.11603167780746
409,46.9445056901005
410,46.8663865206307
411,46.94752999126407
412,47.02470817611763
413,47.06732706474705
414,47.0560924106596
415,47.039711860900425
416,47.013281834349826
417,46.82124301831057
418,46.867846853270926
419,47.38316689515452
420,1161663.2352273976
421,46.477592562450184
422,47.23966818807399
423,47.018581359156784
424,47.184003451500566
425,47.012349608576976
426,47.03847222477126
427,47.40611387692678
428,46.88465707080205
429,46.77985808891986
430,47.19116334779185
431,47.10811793256272
432,47.38031195295273
433,47.242523134128305
434,47.21166270928447
435,47.169778027410295
436,47.07785669102736
437,47.103726523415546
438,47.20424954792978
439,47.062402226801254
440,46.718263706443075
441,47.120507768803925
442,46.9369931903378
443,47.08286243833329
444,47.0118349990223
445,47.39140318131017
446,46.91043989830585
447,46.78676201807565
448,47.26358270004209
449,47.096585783628704
450,47.37133284606244
451,47.25720649230156
452,46.63036318622956
453,47.22696349526503
454,46.98678200607298
455,46.978987471188105
456,46.94470696999277
457,47.05176630006889
458,47.42300953546484
459,46.98475253341141
460,47.16139979008394
461,47.0380078283565
462,47.27904234859896
463,46.877727082022204
464,46.98375472538645
465,47.517683070559336
466,46.58908312956372
467,47.03413599016406
468,46.98061048621033
469,46.88222527856375
470,47.03478077920581
471,46.81623443847176
472,47.098320894734755
473,47.12575701614648
474,47.18071592216728
475,47.12210818464428
476,47.02422359447645
477,46.92564281178432
478,47.24830023049496
479,47.39641218735458
480,46.88090487764565
481,46.9138340146882
482,47.03309332208615
483,47.11059947056317
484,46.823168403690886
485,46.945623604983275
486,47.27721115830921
487,47.65635227134447
488,47.11386656315801
489,47.033034198996276
490,46.892485748007374
491,47.0480612197958
492,46.91229662795261
493,46.94693803363061
494,46.946597534971275
495,46.93728436760561
496,46.97489901360758
497,46.91952750625703
498,47.13045266168768
499,46.84343777449567
500,47.114390285850945
501,47.154609894311925
502,47.15666698889328
503,601439.9715486949
504,47.1912749505454
505,647996.1334723262
506,47.30418579799447
507,680693.8275835735
508,47.31335027212366
509,2623756.6266138256
510,47.1683995713273
511,410383.3843719611
512,47.09765109451442
513,47.05573015499147
514,47.052560477676366
515,47.13234478183807
516,47.06336712448384
517,47.11406140857504
518,46.94486356935777
519,46.99655758429721
520,46.91956398707762
521,46.926617987055096
522,47.07671853649041
523,46.85263792616693
524,47.097181795336596
525,47.11513796287188
526,47.13812715157912
527,47.074646712587615
528,47.14631146454692
529,47.100248055178724
530,47.13128934836989
531,47.164950082841536
532,47.09777026237784
533,47.134956208398506
534,47.523170480882136
535,389052.3171893228
536,4202924.204528879
537,46.84463362697909
538,47.048528687539644
539,47.232363451834054
540,46.92992521076715
541,46.885285927244155
542,47.06707762408199
543,46.941647257883496
544,46.76370220457839
545,47.072549767027205
546,46.46136222427709
547,47.24505314738092
548,46.882370675140784
549,47.39386979671684
550,554007.7021496214
551,47.31556704938987
552,47.180147098806636
553,47.33580513230213
554,47.062182941467796
555,46.93638468936431
556,47.35277671429691
557,46.947477534763294
558,46.47120771566692
559,46.855351935891775
560,47.015726032933024
561,46.736240836740826
562,47.15889742198299
563,48.299483379222664
564,47.35845905105829
565,46.945867455559096
566,47.34865606543015
567,46.98433114481212
568,47.41305166310044
569,47.11563695480604
570,46.97504719597717
571,46.98894556475455
572,47.205262554834626
573,47.26540768788526
574,46.99476185410228
575,47.2570372123259
576,47.30019915020756
577,47.224021902184965
578,46.94758576697097
579,46.98935188604229
580,46.8350718775867
581,47.380393298301584
582,47.213324332423745
583,47.27389073504743
584,47.01085512088885
585,46.76775284469938
586,46.86139834490516
587,47.14451885323445
588,47.3743695687952
589,47.02175345359939
590,47.05879012236696
591,46.835557734940195
592,47.05240923730506
593,46.818114761414115
594,47.42280329895452
595,47.17022694669744
596,46.82196424895039
597,46.902770147794065
598,47.08823745987152
599,46.784185653563334
600,46.887745802890656
601,46.91798869097706
602,47.200926907270045
603,46.83294958631502
604,46.8283513965554
605,47.22801248922443
606,47.237756752389124
607,46.895305850090956
608,47.43078275694903
609,47.21158392453862
610,46.821520069093296
611,47.006827722804445
612,46.68620893167123
613,47.441031664971895
614,47.455361295241794
615,47.07480614528723
616,47.11293088159701
617,47.02526053650693
618,46.87203941720008
619,47.0228835920005
620,46.89105275546123
621,46.91663696837693
622,46.91975449212727
623,46.921711380228054
624,46.89929376207999
625,46.90414491461155
626,46.89740504469982
627,46.848179665463846
628,47.071295359000544
629,46.79553989885571
630,47.113261111593246
631,47.1597832956118
632,47.14791827505085
633,153864.54785022914
634,47.08403903762011
635,92504.76447975206
636,47.12971807173933
637,94597.62893141093
638,47.17629424325759
639,133455.55456728142
640,47.22009466963072
641,189729.8127692318
642,47.12066571956094
643,103352.64308770878
644,47.09839286031952
645,47.04253084390996
646,46.978000648226825
647,47.11936000757706
648,47.04819580874145
649,47.08911348239563
650,47.07517279553578
651,47.082018970711296
652,47.05289055418962
653,47.059700456035245
654,47.008755830911724
655,47.00679436727263
656,47.1061693338583
657,46.88002960151301
658,47.09810003070911
659,47.11851523854247
660,47.182205582518634
661,47.06687584079263
662,47.12218057866274
663,47.105541355035506
664,47.06785716490113
665,47.08381524900542
666,47.014599544538996
667,47.07318747911404
668,47.050007260022795
669,47.082260134082745
670,47.50801244336371
671,128652.74450812947
672,850264.5575957502
673,46.841324390589534
674,47.035307396969515
675,47.20967207236614
676,46.8668421542678
677,46.86095267634735
678,47.00651710852003
679,46.960494802538896
680,46.784013809323376
681,46.889984322311676
682,46.71819025057208
683,47.006551539901594
684,46.45678917420623
685,47.06547862940515
686,46.91661534742341
687,47.14282912177405
688,97491.1770139737
689,47.07573262668923
690,47.06686870428521
691,47.15143164308822
692,47.09239851275799
693,47.336177030269084
694,47.02969310261567
695,47.0962465035932
696,47.12475822671147
697,47.11518016064238
698,46.45808727668875
699,47.06199756142791
700,46.9873675472846
701,47.02325039131533
702,47.09012260100734
703,46.699444401623836
704,47.13005421602619
705,48.30485551680004
706,47.055949995269415
707,47.07856934521311
708,47.07889342507817
709,47.07404319567931
710,47.064920381470586
711,46.985317534623334
712,47.16197630013373
713,47.04663917765055
714,46.98453034908339
715,46.904900232090625
716,47.18585283238779
717,47.266191054042935
718,46.96467421337608
719,47.20918111611547
720,47.30826758241946
721,47.24113942275698
722,47.13177653396604
723,46.87100734460678
724,47.402025570943614
725,47.02411280865598
726,47.30407706068233
727,46.95495943322116
728,46.739042916567634
729,46.82144459506702
730,46.77518785315139
731,46.69518729227999
732,46.8508397515069
733,46.83464041653497
734,47.235161346724354
735,47.08013867943687
736,47.40041495788518
737,46.871024440722245
738,46.83895835965873
739,47.354574903170025
740,46.93441217042364
741,47.154437901478936
742,47.13520814298881
743,46.85649391633457
744,46.84211148380528
745,47.0582561850548
746,47.04501919917021
747,47.24405423039286
748,46.69486666787966
749,46.84975032258081
750,47.189026951709735
751,46.89735227908821
752,46.8714233762652
753,47.278866040108404
754,46.775266087207314
755,46.77432903134577
756,46.93149763575108
757,47.15842121940588
758,47.05949889680869
759,47.01664650182536
760,47.00523112853496
761,46.84798540378948
762,47.0976252871933
763,47.0753570671002
764,46.82818107919882
765,46.88343749944306
766,47.029847795222786
767,46.766740056269064
768,46.84397223845688
769,47.08806862526531
770,47.1071081898446
771,46.90000508289937
772,47.042645892436234
773,47.189329220890386
774,47.17355845047342
775,46.866802537616536
776,46.86557130430219
777,47.013438529341975
778,46.78103104691254
779,46.95323821023123
780,47.13295604367151
781,47.10072338085416
782,47.09074684845213
783,46.94634534111561
784,47.126780838628996
785,47.01128517082669
786,47.11218308216395
787,46.95070068687319
788,47.099613799471705
789,47.16785941300926
790,47.108874486631066
791,47.14825055012033
792,47.05505336593948
793,47.076037607081034
794,47.05216891272018
795,47.032922158258195
796,47.12897205975237
797,47.03551207537965
798,47.33227695419304
799,47.07843176584507
800,47.33374373474729
801,47.17628047187459
802,36829.20625851184
803,47.02928954245235
804,46.97376307557488
805,46.864795145819826
806,13610.802494837983
807,46.89803486528181
808,11448.842377551468
809,47.06074585333202
810,9642.087074550522
811,47.11111625355167
812,31539.37501007755
813,47.111541775216544
814,43426.217317503964
815,47.130897066296725
816,45551.939483081645
817,47.128604131649766
818,52610.933344314806
819,47.0645992952861
820,43309.542474482674
821,47.098955164136505
822,47.27277382017615
823,46.989223239278466
824,46.894897463529084
825,46.95790245002688
826,46.946378742224006
827,47.05232815253253
828,47.04424150269985
829,47.096277078863736
830,47.0946364427291
831,47.09674319722756
832,47.0782181291637
833,47.158442429444776
834,47.04165886190854
835,47.313113763225786
836,47.08810602193349
837,47.208632302077845
838,47.09826739565328
839,46.95040963680406
840,46.8673322384433
841,46.95470848441221
842,46.98231323043381
843,47.04209406608733
844,47.03381780850325
845,47.04886309367893
846,47.03896771366561
847,47.03957160134789
848,47.045573466437425
849,47.02646585827316
850,47.062165620852255
851,47.01455054637977
852,47.03877905401835
853,46.8466558393429
854,46.90462913138512
855,47.418104414195234
856,20522.41722513767
857,46.47273252285717
858,47.21874062682792
859,47.2806267068528
860,47.328645479479825
861,47.17639536175857
862,46.998177686680705
863,46.9785829605512
864,47.04692061769326
865,46.97003159614298
866,47.01097722181939
867,47.38659964051389
868,46.85815448590171
869,47.06498430484964
870,46.86608081517229
871,50.81892137252033
872,49.567236631767784
873,46.854528718076565
874,47.14330604565312
875,47.45999770176339
876,47.23554134888442
877,47.14096290306317
878,47.17734203793923
879,47.029847622114424
880,48.547864541507295
881,47.045713858220225
882,47.23162480492331
883,47.051489867465364
884,47.164749058045466
885,47.08692440578032
886,47.17625776592891
887,47.06811034175784
888,46.745878018415134
889,47.141048461734854
890,46.964698832329795
891,47.14366189642416
892,47.12391466625258
893,47.070347083181545
894,47.0977111747917
895,46.92840548900795
896,47.013813290359494
897,46.957401641484374
898,46.932726659253234
899,47.34835881979167
900,46.857091088816496
901,46.78812129113137
902,47.12346650911449
903,47.123815418124394
904,47.34882838513943
905,47.11996832744725
906,47.049679041075805
907,47.03675018917177
908,47.028191631647715
909,47.02630956980563
910,47.03080043088212
911,47.08048834088424
912,46.77665948553957
913,47.07509559048445
914,47.06297010561593
915,47.08541842675053
916,47.055278901711695
917,47.03482212506346
918,47.20870884866523
919,46.98320270972373
920,46.951964628976214
921,47.001587468287816
922,47.200264748024715
923,47.044051412403874
924,47.18936493377717
925,47.01238883505435
926,47.016684814913106
927,47.041689533848974
928,47.31552823285551
929,47.03855221605559
930,47.03467124651388
931,47.02383560706052
932,47.24004227935294
933,47.21977795253237
934,47.27578712638895
935,47.094916325793946
936,47.285586328025175
937,46.99211480286493
938,46.99833566408836
939,46.84747153471524
940,47.6376296316807
941,47.008081218605646
942,47.046619241547816
943,46.71142419370549
944,47.10191087718972
945,47.027119232989556
946,47.01246872128269
947,47.11695368328078
948,47.12129497888105
949,47.047421119434574
950,47.02517585228577
951,47.14238953545473
952,47.225429178109536
953,47.299689661265894
954,47.048313331049954
955,47.31185743225679
956,47.12173121211904
957,46.968462045914244
958,47.06043087494231
959,46.935160908016144
960,47.17856536457812
961,47.04801646097166
962,46.828195523768386
963,47.115942227255715
964,47.25647914843307
965,46.98333759702702
966,46.95656199419094
967,46.82733559795864
968,47.13512806878751
969,47.000017516508805
970,46.74205736338367
971,47.178071888018145
972,46.91679471901282
973,47.069249111869524
974,47.10799794428285
975,46.96160775608718
976,47.3939687886957
977,47.131197224989656
978,46.929072001330994
979,46.82119823856911
980,47.07653558150005
981,46.832835427380815
982,46.92466810944323
983,47.011198725585814
984,46.99072824507173
985,47.043729173043666
986,47.17294287222984
987,47.355433361906094
988,47.19376444703768
989,47.81838935495336
990,47.00612177718023
991,47.225877037649525
992,47.04908119806876
993,47.69443335095152
994,47.44899492902742
995,47.16868638528332
996,46.92616079909946
997,47.18305869490828
998,46.99776068188075
999,47.03285264522792
1000,46.922177898203735
1001,47.42220354363907
1002,47.03100928465358
1003,47.18721989418698
1004,47.32500182941084
1005,47.18097966515662
1006,46.907219966258396
1007,47.47931665430102
1008,46.84996909956503
1009,47.374996682462154
1010,47.10670672512751
1011,46.90472703558013
1012,47.12160314644196
1013,47.282416701890625
1014,46.737681388786626
1015,47.26974207185044
1016,47.34305360061469
1017,46.805867399653366
1018,1.4242231040156477e+17
1019,53.48992207014349
1020,1.4242231040156477e+17
1021,53.48992207014349
1022,54.754666005411615
1023,2042602802.2999537
1024,54.97775380395553
1025,52.967056499520424
1026,54.75466608714019
1027,54.97775382293434
1028,52.96705649919478
1029,2042602802.249188
1030,53.28194327615096
1031,2042602801.3868704
1032,2042602801.3954737
1033,53.41921169096599
1034,15531373.951306961
1035,52.967056499216355
1036,53.281943358819206
1037,2042602801.3970633
1038,2042602801.3752787
1039,53.419211803052086
1040,15548835.62835735
1041,52.967056499457385
1042,53.28194328294506
1043,2042602801.3869693
1044,2042602801.4343193
1045,53.41921174083188
1046,54.987220864210954
1047,54.72088407774759
1048,54.20174398529299
1049,26286186.821376428
1050,9946974.649482137
1051,1403953.6340747888
1052,39647675.81074853
1053,53.753416079198345
1054,53.30179424193443
1055,53.1877047713878
1056,53.30829863982396
1057,120735.29244593711
1058,53.22336347218954
1059,53.80580311468475
1060,53.39284899738458
1061,53.31142872772776
1062,53.30444154547034
1063,53.031602940142214
1064,188594.70005532214
1065,53.130398372383254
1066,93646.7069099399
1067,262498.95105444634
1068,4272.772913100844
1069,5706831.953878682
1070,53.09285640952922
1071,53.395951354424795
1072,53.58174247533796
1073,53.336809845878406
1074,53.38577478273905
1075,63399.10387865817
1076,52.66005895518494
1077,53.32059363446179
1078,53.35687965229285
1079,52.64209499795666
1080,53.48663149235156
1081,52.813916527147946
1082,53.30444201518072
1083,52.8867115290585
1084,155754.84693614542
1085,53.354604746555204
1086,210350.6896497298
1087,469961.01200411585
1088,5699.8456202441275
1089,5706831.95387678
1090,53.31748744959966
1091,53.078483550629414
1092,52.774671061355875
1093,52.84243491313712
1094,52.95022096858729
1095,53.553585386207445
1096,53.61172120592572
1097,45651.085697815535
1098,52.783482817319886
1099,53.77816567664332
1100,53.62727930641336
1101,52.89119371388976
1102,53.30444120493728
1103,53.44952269436013
1104,102091.21532219055
1105,53.40582097897352
1106,1180093.101688127
1107,453183.0173645909
1108,25289.40380755067
1109,5706831.953877659
1110,53.953170258444615
1111,53.580268085102276
1112,53.157329963695624
1113,53.335997890790665
1114,53.785342850481555
1115,53.3542910066354
1116,53.699716427794506
1117,21211.490173335635
1118,52.9875109035918
1119,53.652748126764436
1120,53.37506846354549
1121,53.36242281260577
1122,53.41845650164336
1123,55.1110760537334
1124,53.30462512514258
1125,53.15179415382546
1126,53.31574685800921
1127,53.15469013808564
1128,53.214731697395706
1129,53.153350345951075
1130,311111.7726823752
1131,129243.44892808005
1132,106464.82370214592
1133,2492.542148949682
1134,311111.77268242586
1135,53.2181083390428
1136,53.27639343041227
1137,53.09052023413334
1138,53.38437709180937
1139,53.738941556713996
1140,53.77313657904362
1141,4789.085728182003
1142,170845.40687129888
1143,53.38623062070228
1144,53.65249398654022
1145,53.7530781299433
1146,52.760741727495265
1147,163230.00630704933
1148,52.991104522269715
1149,54.37841499947884
1150,53.576895148983944
1151,52.839167088844206
1152,53.96353432118307
1153,53.02533567647715
1154,53.51851959491579
1155,54.081492966017755
1156,54.08111373854935
1157,53.99307624279356
1158,53.3157436805709
1159,53.112577719834995
1160,53.64446729275579
1161,53.47280176292662
1162,8390.920215655542
1163,53.349517026234174
1164,109905.01728405687
1165,79000.43799728403
1166,2885.668683767972
1167,39970.89436151493
1168,2589.4106218374836
1169,311111.77268242586
1170,53.59774294009803
1171,52.95158315833141
1172,53.09862170537949
1173,53.45503434129413
1174,53.07318040344857
1175,53.241183971545766
1176,53.28546103258886
1177,53.549803824801394
1178,53.13909935672303
1179,53.72089630642731
1180,53.336357894018995
1181,2879.4681061326796
1182,52.95458797404978
1183,54.03151030020385
1184,53.708710165272805
1185,53.40129277859173
1186,53.34390477246163
1187,53.84100519188769
1188,53.78523530864162
1189,53.1864180896725
1190,53.96539503581371
1191,53.82592971324973
1192,53.462432490186444
1193,53.04780715054584
1194,53.32253254764764
1195,53.193108297492984
1196,53.02836048449549
1197,53.291798665781535
1198,53.1796706853181
1199,53.1740912992821
1200,2536.602838953894
1201,53.31644428016146
1202,5892.607134783488
1203,22423.132730092133
1204,470.11185332291893
1205,36537.13057489427
1206,881.7932844360594
1207,19882.718619003565
1208,1153.3830326592783
1209,53678.86604401781
1210,53.386404579061534
1211,53.16457764108927
1212,52.97782032914923
1213,53.27822192828366
1214,52.936023093413105
1215,53.3774624627802
1216,53.76323494571776
1217,53.844269358768
1218,53.7327590712919
1219,53.822532349905956
1220,1153.002107808952
1221,53.37210119829456
1222,52.9060542536003
1223,53.63164997955422
1224,53.97351143262841
1225,52.83236254026858
1226,53.16337825076381
1227,53.41900516576975
1228,53.71815236713549
1229,53.886976720730715
1230,53.38438039847887
1231,52.91848206943783
1232,52.77633063168872
1233,54.66180554996019
1234,53.03309327043952
1235,53.81870235956263
1236,54.11641193129262
1237,53.35142728108004
1238,54.006432863075574
1239,53.62550298073783
1240,53.42870743991842
1241,53.98682425779469
1242,53.666096163188705
1243,53.69483979984933
1244,53.27837308644095
1245,53.32391035507372
1246,53.32254114988541
1247,53.0459783776224
1248,53.19431850006114
1249,53.32200268774105
1250,53.32236552701542
1251,53.311639989523115
1252,2461.4259225715987
1253,53.29985417463834
1254,6550.763115406764
1255,39985.22540733381
1256,681.8352681206873
1257,15044.854503460856
1258,1368.50598685888
1259,14381.967060308647
1260,630.9230206175093
1261,53678.86604401689
1262,53.44322270221841
1263,53.045545193554084
1264,53.10707759304354
1265,53.88885833703629
1266,53.412698338448756
1267,53.40745950518337
1268,53.276869790397825
1269,53.32723943874962
1270,53.397325457870686
1271,53.419190325812146
1272,53.17750481551191
1273,53.29504579911217
1274,53.0919178219353
1275,53.65752781934296
1276,962.1714700540488
1277,52.950586568674154
1278,53.42380439858502
1279,53.277981185548015
1280,53.33245082509185
1281,53.35618542351756
1282,53.27836608034212
1283,53.653779915413956
1284,53.7504752354247
1285,53.08167699761398
1286,53.59780610797782
1287,53.738913553916966
1288,53.631471918403584
1289,53.93578520915824
1290,53.54358662414828
1291,53.238350806868006
1292,53.696576123592436
1293,54.01572101504071
1294,53.168511732795466
1295,53.74742476531752
1296,53.37917199381502
1297,53.87971405041202
1298,53.359884048713
1299,53.87599191252902
1300,52.95276314829124
1301,53.36028065226313
1302,53.10434802123152
1303,53.449975218648206
1304,53.32711975672098
1305,53.06720548197299
1306,53.227479543967355
1307,53.31649727397871
1308,53.47770843742676
1309,53.325755238714606
1310,53.50373886966021
1311,53.39098486562111
1312,782.9277845169524
1313,53.30378182537676
1314,5833.714693889029
1315,3195.2081069311266
1316,338.501305380752
1317,3432.384213359642
1318,212.6710046347224
1319,6737.108762556653
1320,241.1361764147672
1321,6877.866617825216
1322,331.5950510254234
1323,16239.517910348455
1324,53.44115122857509
1325,53.390176536877036
1326,53.06078278789809
1327,53.63193126098295
1328,53.2964208248535
1329,53.554777237478824
1330,53.38356962089025
1331,53.370273341364694
1332,53.25912767340557
1333,53.31338802596403
1334,53.32378012133685
1335,53.324169029103274
1336,53.35847596014611
1337,53.38629668571643
1338,53.14762376171337
1339,53.273149187679664
1340,53.09083178426097
1341,53.64062040690013
1342,460.0884480990637
1343,52.94489810910235
1344,53.426188937032215
1345,53.14751951026797
1346,53.32833885847906
1347,53.23590846864188
1348,53.308238761532806
1349,53.292400159250796
1350,53.82379607747865
1351,53.448583723918446
1352,53.5244974508073
1353,54.285225315760584
1354,53.89292376802156
1355,53.90006671404863
1356,53.91956654208451
1357,53.71680663007829
1358,53.20514160077566
1359,53.261387173217564
1360,52.89071395267453
1361,53.328476239428234
1362,53.23439294320657
1363,53.292176164264276
1364,53.23878446106437
1365,53.528201758993895
1366,53.5984403241469
1367,53.648147372368655
1368,53.35817847157592
1369,53.59208818385046
1370,53.24432020320983
1371,53.16500216126784
1372,54.044964168018424
1373,53.426926837485155
1374,53.995294737808045
1375,53.76712029518373
1376,53.54306012340234
1377,52.97314955414519
1378,53.207903550365856
1379,53.44938502134906
1380,53.3557168380743
1381,53.70135999134988
1382,53.43581368419468
1383,53.417525650152974
1384,53.22072073929764
1385,53.56202269803745
1386,53.3250256156431
1387,53.50508797538954
1388,53.94652111416544
1389,53.84251019425584
1390,53.616119649411594
1391,53.68042430208149
1392,53.33030559166215
1393,53.01839501837797
1394,53.112139676809235
1395,53.25639221916079
1396,53.18536910474541
1397,53.19116662526667
1398,53.32036335049611
1399,53.20995100581888
1400,53.50382953716656
1401,53.289374397172146
1402,414.5696411023789
1403,53.30557458796342
1404,2151.4117363037453
1405,1451.352400096458
1406,173.75147411575938
1407,2381.104646455428
1408,132.2819702749481
1409,3649.1620565287176
1410,171.0314934932645
1411,3946.821799279505
1412,205.1248368188063
1413,2901.715009148127
1414,229.47749899044118
1415,6743.464317195283
1416,53.468813783797444
1417,53.18087371341223
1418,53.067155236387464
1419,53.200716238580895
1420,53.07676196658707
1421,53.394093196953264
1422,53.22131214715081
1423,53.57624533241655
1424,53.31075006192508
1425,53.444973965049975
1426,53.29607493090471
1427,53.3287516666676
1428,53.33634732173924
1429,53.350573354796836
1430,53.555869944520836
1431,53.67890320048127
1432,53.59023897111136
1433,53.6169375519402
1434,53.275511402229455
1435,53.32839611215411
1436,53.06723982874598
1437,53.6221701315313
1438,241.47084126000016
1439,52.94904447871214
1440,53.379153122373324
1441,53.136013656663174
1442,53.328251749170754
1443,53.18320787555537
1444,53.176404210477415
1445,53.599411488154516
1446,53.157699069460755
1447,53.27176543783713
1448,53.86803361062455
1449,53.78012019134408
1450,54.12507836199774
1451,53.96605820019023
1452,53.854121809132444
1453,53.836721914660174
1454,53.67205128637324
1455,53.6711222372742
1456,53.81876179909074
1457,53.25859593527187
1458,52.8620028387852
1459,53.44921766548407
1460,53.20346793736143
1461,53.273281549375334
1462,53.189843316851665
1463,53.63295080774648
1464,53.12568928852317
1465,53.266224823269624
1466,53.89292203072654
1467,53.761924013529
1468,54.14728406513654
1469,54.030962185235076
1470,53.19848854856492
1471,53.847588243101455
1472,53.10933219436383
1473,53.15801637089789
1474,53.15850094026769
1475,53.38462743449837
1476,53.81628679917765
1477,53.28927727837143
1478,53.63314467499193
1479,53.358600612732424
1480,53.92586208788677
1481,53.46997974673047
1482,53.21908523449076
1483,54.036689355016016
1484,53.14497500110333
1485,53.198301839814214
1486,53.29294498178172
1487,53.03735157472996
1488,53.15538681728247
1489,52.92950574555606
1490,53.575021864259
1491,53.631213149308934
1492,53.8148584968944
1493,53.49148619554759
1494,53.19582489724411
1495,53.050294380317496
1496,53.47919362141026
1497,53.59596246903983
1498,53.229272199411554
1499,53.09153514234116
1500,53.28019742441336
1501,53.23680232836695
1502,52.99131420429044
1503,53.13103523218036
1504,53.49659068457252
1505,53.885249028698695
1506,53.33264285528854
1507,53.15647732253126
1508,52.99581783144954
1509,53.24051589971156
1510,53.01711034416224
1511,53.10479245245689
1512,53.05478311434076
1513,53.093780008510144
1514,53.08632774905469
1515,53.07376667075489
1516,53.26677394277145
1517,53.007958631581246
1518,3414.0780650187507
1519,1747.7987298590579
1520,1716.505726987703
1521,140.38160249601432
1522,1922.5801037323154
1523,143.77558036759595
1524,3053.4734837856513
1525,165.15360518611067
1526,3189.224459539474
1527,165.67139918367553
1528,1918.3029377726157
1529,131.05794570573894
1530,3414.0780650259485
1531,53.22704999506756
1532,53.220712859208646
1533,53.262846628239885
1534,53.23143775566263
1535,53.241716555489404
1536,53.101892961221985
1537,53.12768707075864
1538,53.07460812804653
1539,53.03568634697349
1540,53.25672557067508
1541,52.977883600068076
1542,53.36732768174849
1543,53.74435139074965
1544,53.788515717196255
1545,53.69615359679707
1546,53.80254396713515
1547,53.743990413581514
1548,53.784422439629466
1549,53.81965975742017
1550,53.74520109297115
1551,53.785079435765184
1552,53.800354829922696
1553,182.50292739554132
1554,1134.5089190653644
1555,53.38468006866417
1556,53.63144384105716
1557,53.85721833827098
1558,53.03655344854894
1559,53.00616811386459
1560,53.23965373300165
1561,53.0529359517445
1562,52.907552609513566
1563,53.24718288871902
1564,52.92937866806555
1565,53.80301540504977
1566,53.489772862616135
1567,54.01660584112484
1568,899.7535220235243
1569,53.96824528020582
1570,53.79779643596573
1571,53.86014434304167
1572,53.69740118596643
1573,53.11081325329048
1574,53.55220772134412
1575,53.193833936805234
1576,52.924913396697406
1577,53.004236517916354
1578,53.15904532103419
1579,52.91608535924434
1580,53.28798869209746
1581,54.68701761826006
1582,54.03520590448554
1583,53.576221822087845
1584,54.073005462374184
1585,53.61569775727111
1586,54.16476712400623
1587,53.47052308123861
1588,53.08834404761547
1589,53.153008894301315
1590,53.90331605638056
1591,53.9951514848441
1592,53.43945060395089
1593,53.9239641372436
1594,54.051077755609
1595,53.887119743654104
1596,53.11880649601018
1597,53.33142025710772
1598,52.98207010007606
1599,53.99339868247795
1600,53.9313972925212
1601,53.99043232012412
1602,53.129197112120295
1603,52.924539179532566
1604,52.973752860862454
1605,53.79273397288962
1606,54.00637532419514
1607,53.397128633657296
1608,53.23634156396466
1609,52.9554701329467
1610,53.18107231556452
1611,52.99625808386956
1612,53.76457301382478
1613,53.89721280147202
1614,52.98280680138492
1615,53.09759633362278
1616,53.22050968493815
1617,52.88496099528587
1618,53.01271987176152
1619,53.086188090845894
1620,53.34062399859841
1621,53.12633731475756
1622,53.03308881164802
1623,53.41846107639702
1624,53.373703815695634
1625,53.00904281954576
1626,53.74145413777561
1627,53.58728460495117
1628,53.15396750500516
1629,53.175690325248596
1630,52.88422597412621
1631,53.60752164570306
1632,53.703137559243686
1633,53.54310500219309
1634,53.33479946661789
1635,53.15131117559623
1636,52.97664664374898
1637,53.21472188546466
1638,52.99719066141749
1639,53.06941821629822
1640,53.027786428559565
1641,53.074724548156816
1642,53.00578095794823
1643,53.055171240067395
1644,53.003480813231576
1645,52.99151190089398
1646,53.20513124509435
1647,52.95867521352184
1648,1976.7345025826953
1649,1107.5736946012523
1650,1048.286051006579
1651,109.37891812748508
1652,862.6604403662973
1653,103.93825096922635
1654,989.3094422553435
1655,102.3446610851825
1656,1146.5709320728643
1657,107.00375626547637
1658,1332.9193297174625
1659,110.7373341170453
1660,1025.7489427144965
1661,95.8276517778838
1662,1976.7345025533164
1663,53.210529525231905
1664,53.13544969868196
1665,53.25596471740177
1666,53.21246436535365
1667,53.220518008864644
1668,53.241014807205175
1669,53.20792726222661
1670,53.217015068832914
1671,53.1840072601446
1672,53.167710072210134
1673,53.127635964383245
1674,53.28419587489789
1675,52.99717853728625
1676,53.36570110227771
1677,53.74856664466312
1678,53.84184505297615
1679,53.69227125240482
1680,53.771572673582796
1681,53.758444373456676
1682,53.70850108091456
1683,53.72919937362835
1684,53.653407136453154
1685,53.71877233615599
1686,53.693654205888585
1687,53.7286697638806
1688,53.778574678562585
1689,140.5603296591859
1690,610.2011894022461
1691,53.38304852203363
1692,53.61615530704002
1693,53.828457857278536
1694,52.96922968759591
1695,52.98734949768236
1696,53.16909688207703
1697,53.07311745250199
1698,52.878116502331935
1699,53.063068665390915
1700,52.865099555184614
1701,53.177787766046976
1702,52.917020786694586
1703,53.68243392838234
1704,53.54384053089385
1705,53.791342635313065
1706,508.60692430302794
1707,53.694742293628885
1708,53.69390449281917
1709,53.79085704802038
1710,53.723313015897446
1711,53.90661206813998
1712,53.67948991036984
1713,53.265322628404654
1714,53.302762694699595
1715,53.251159948204034
1716,52.91832045083099
1717,53.22774443238336
1718,53.10358488657403
1719,53.1859024659732
1720,53.219029273503935
1721,52.8524729816623
1722,53.31485332759292
1723,54.69280614350704
1724,53.66595185042821
1725,53.68991770036346
1726,53.70114346384878
1727,53.684922233664395
1728,53.68860325516201
1729,53.62170633109388
1730,53.80905421786575
1731,53.42356362841471
1732,53.10050432197172
1733,53.08427116099922
1734,53.90222798303341
1735,53.977651252059985
1736,53.42694001414138
1737,53.86887946516652
1738,54.022285109215645
1739,53.90320512938941
1740,53.34923714433758
1741,53.02235000146903
1742,54.05015903747073
1743,53.66956520621085
1744,54.05175908801854
1745,53.10973788671103
1746,52.93522778087576
1747,52.92295974135118
1748,52.87122959204036
1749,52.896977945703235
1750,52.987103882087936
1751,53.06855035810983
1752,53.64436369164749
1753,53.585425025115256
1754,53.61345008986759
1755,53.01536533741505
1756,53.082173204099874
1757,53.55719363603846
1758,53.50639352094477
1759,53.69283581916273
1760,53.39208466410829
1761,53.16692807012028
1762,53.244897140799644
1763,53.54311441538485
1764,53.55778274338556
1765,53.623493908276124
1766,52.82351635255944
1767,53.18554765254117
1768,53.492646780619
1769,53.344834836515965
1770,53.20502194390052
1771,53.42660579727513
1772,53.1109044461544
1773,53.10414637135716
1774,53.49510423513368
1775,53.68582703686286
1776,53.5960328113283
1777,53.67257329861049
1778,53.649933650431905
1779,53.18193460440635
1780,53.59867271445929
1781,53.556439947471134
1782,53.07222881995746
1783,53.086555464551516
1784,53.18407462862748
1785,53.166890275572754
1786,53.1002203419321
1787,53.57822353080016
1788,53.62849722873582
1789,53.1128876469632
1790,53.20196749317929
1791,53.74939649287747
1792,53.72560190134024
1793,53.48168677153585
1794,53.47828004748368
1795,53.6704749814553
1796,53.19095967606356
1797,53.5518582820464
1798,53.777274024740095
1799,53.59728116645177
1800,53.57707982367674
1801,53.543684958822475
1802,53.769458206757946
1803,53.66493046555952
1804,53.33683348410736
1805,53.07300170381245
1806,53.23082344268833
1807,53.36945764534967
1808,53.24053251784082
1809,53.31984649647137
1810,53.177999395
1811,53.24605642663836
1812,53.17681891136853
1813,53.19683060028203
1814,53.25969210455943
1815,53.199050338651546
1816,47.98620697852851
1817,47.994289127263144
1818,48.0689861762501
1819,48.00847085593726
1820,132.01301066216985
1821,48.04691053488973
1822,606.8173893162774
1823,399.71094066800504
1824,90.872939288008
1825,414.4726176677773
1826,75.51393839260811
1827,598.4840819921269
1828,75.88940715492075
1829,675.8502871076183
1830,83.81197547914732
1831,682.8330818480757
1832,88.46147348742409
1833,729.646714127701
1834,88.56016562706131
1835,738.8986212190802
1836,90.4196975612148
1837,631.5015838616416
1838,92.61131652812684
1839,1260.6116656196361
1840,53.461409287057315
1841,53.14520281536808
1842,53.07194144035829
1843,53.11167461332336
1844,53.06222189721519
1845,53.21459377857363
1846,53.176172712331564
1847,53.263334137064206
1848,53.22523341630503
1849,53.26214353358293
1850,53.205810303015724
1851,53.3347961079928
1852,53.173653702634894
1853,48.065107185491165
1854,48.07310652791039
1855,53.424113988445086
1856,48.059666319088706
1857,53.33165596399614
1858,53.33543695521956
1859,53.33741030576584
1860,53.52568097951368
1861,53.61920277395453
1862,53.60615192667785
1863,53.64530747699529
1864,53.6182921746156
1865,53.63377904400252
1866,53.61773655331179
1867,53.62171781315994
1868,53.60484498137178
1869,53.60107387295112
1870,53.308863629788874
1871,53.36213558783521
1872,53.10477431102666
1873,53.65582850316661
1874,99.48492924351676
1875,52.95119904774312
1876,53.3739967339303
1877,53.42985706202914
1878,53.514721163669506
1879,53.373227846877825
1880,53.117053213050916
1881,53.10020969368487
1882,53.209907558030366
1883,53.11893580704492
1884,53.20708070672913
1885,47.98914063842688
1886,48.16173387593855
1887,48.02286814303448
1888,47.98727631985458
1889,267.34595211802366
1890,159.32142525565163
1891,303.53375890854534
1892,48.00207433852721
1893,48.25079016101489
1894,53.81141074203593
1895,53.80684832357445
1896,53.66533342222576
1897,53.6487225487494
1898,53.68626112031881
1899,53.668675641923585
1900,53.70071780809706
1901,53.67223573542802
1902,53.681226235557546
1903,53.66773696665909
1904,53.78705246104238
1905,53.24104849237848
1906,52.8920725221063
1907,53.395765505225356
1908,53.249123481086016
1909,53.316236885367175
1910,53.28218309795365
1911,53.235078897206094
1912,53.22809847090345
1913,53.078854945610956
1914,53.137746622054394
1915,53.12646719877398
1916,53.080852942432564
1917,48.002437405743386
1918,48.27596049840646
1919,53.2387111812709
1920,53.75205636785542
1921,53.77369844939766
1922,48.274747963376036
1923,53.78989307614793
1924,53.646365164358436
1925,53.64610437911466
1926,53.62100143945447
1927,53.631957796414014
1928,53.65184844989246
1929,53.709933085418626
1930,53.3709618427463
1931,53.7176101945607
1932,53.191347147560016
1933,53.27884858426365
1934,53.225548688209514
1935,53.41590619395925
1936,53.69274920116218
1937,53.39372475566313
1938,53.11466630090629
1939,53.123019754791386
1940,53.40269346736618
1941,48.42202324086191
1942,48.42874728094353
1943,53.64905739664635
1944,53.658730158781324
1945,53.681015388867166
1946,53.91447059990489
1947,53.707195586291775
1948,53.683393693867096
1949,53.67016338404333
1950,53.78511707602981
1951,53.398946586753084
1952,53.49450785315105
1953,53.23375776707876
1954,53.622448690848195
1955,53.28292343669138
1956,48.03964080453192
1957,53.338554633881586
1958,48.0604478895764
1959,53.16863773078995
1960,53.20475011162202
1961,52.87136585961833
1962,53.272090041278
1963,47.908431094204644
1964,53.62141483894693
1965,53.75747004428101
1966,53.781937934719174
1967,53.656527157350624
1968,53.63796509787913
1969,53.79784713647898
1970,53.899270180882155
1971,48.027133319275265
1972,53.72675063183546
1973,53.7509404069447
1974,53.29274585818888
1975,53.09101991711288
1976,48.0308442379318
1977,53.23126735734236
1978,48.0385022734477
1979,53.20377681474986
1980,53.31512593858831
1981,53.71642003577702
1982,53.909254880503624
1983,53.44583363983921
1984,53.585453007872346
1985,53.241794886256294
1986,53.379262205022016
1987,53.63730584791406
1988,53.193030296105285
1989,47.917610871614706
1990,53.527372116969914
1991,53.71598775011465
1992,53.723222561086914
1993,53.25781905903001
1994,47.950614022681215
1995,53.50831279976816
1996,53.37365415894869
1997,53.140895706046834
1998,53.28456438183704
1999,47.984565554114766
2000,53.164023813867075
2001,53.65578949356916
2002,53.52974222823089
2003,53.56173437222364
2004,47.927829436374495
2005,53.56467773940396
2006,53.354297599576206
2007,54.058258153520114
2008,53.124631475897196
2009,53.45748425236009
2010,53.27005745229844
2011,54.57047445877343
2012,54.138546750815735
2013,53.76700582256315
2014,53.54088760360374
2015,47.894626098339735
2016,53.47234390089753
2017,53.19866093494254
2018,53.11631578747837
2019,48.12845167176513
2020,48.18437470688743
2021,48.09415178446009
2022,53.53096271635654
2023,47.952556908546086
2024,53.41446323101721
2025,54.302666596523444
2026,53.07354276731844
2027,48.24397064433066
2028,53.236838473781454
2029,48.23364931333304
2030,48.175961822845466
2031,53.49530132897349
2032,52.90240645354676
2033,53.434813065224304
2034,54.1137729475505
2035,52.965016301727175
2036,73238848112.43864
2037,61.756356557077055
2038,73238848112.43864
2039,61.756356557077055
2040,55.55853616601539
2041,2792871.3692839947
2042,55.55902737289603
2043,61.73441789967884
2044,55.5585361662348
2045,55.559027372676574
2046,61.73425805758302
2047,2792871.3569372883
2048,55.55873200113441
2049,2456437.7429346167
2050,2456437.7429344803
2051,55.55873200115792
2052,2146289.814836988
2053,61.734070380851506
2054,55.5587320011344
2055,2456437.742934278
2056,2456437.7429348673
2057,55.558732001157935
2058,2146288.967972618
2059,61.73442400760145
2060,55.5587320011344
2061,2456437.7429349576
2062,2456437.7429345646
2063,55.55873200115792
2064,55.55878453037322
2065,55.559027459346524
2066,55.33440909191187
2067,1413597.6770971098
2068,115034.32836198156
2069,35917.32835540895
2070,1453358.206534701
2071,55.249585735867576
2072,55.24959089725839
2073,55.3344429058554
2074,55.01021492817398
2075,28077.017553210022
2076,55.010218619493294
2077,55.0102174833975
2078,55.09617028175524
2079,55.09616700960783
2080,55.55873200100045
2081,55.02873303015079
2082,29712.60755507024
2083,55.28309561890848
2084,6482.284340975752
2085,12475.080163832248
2086,2315.2396244168262
2087,80929.9637366557
2088,55.0233446521257
2089,55.558732001002625
2090,55.02682853610955
2091,55.73589761085012
2092,55.73395142466576
2093,14141.755941944317
2094,55.963485796937206
2095,55.14931763168241
2096,55.0758436935275
2097,56.391663452209755
2098,55.07844251053612
2099,55.914795786530576
2100,55.558732001000436
2101,55.13222352600657
2102,28811.633156012664
2103,55.697682549729414
2104,10866.178038195243
2105,17910.26477084165
2106,3036.0207675688544
2107,80929.9637366555
2108,55.00171602119693
2109,55.132682222600586
2110,55.253852901875064
2111,56.03894618101707
2112,56.0016685044036
2113,55.176976275550736
2114,55.07551191975008
2115,12422.729610622662
2116,55.852346438245455
2117,55.06463823732233
2118,55.14906300519513
2119,55.4379149693211
2120,55.55873200100046
2121,55.29895593016907
2122,26118.40822294476
2123,55.17557700972836
2124,31508.25456154734
2125,17545.28467003353
2126,9171.59677072195
2127,80929.96373665438
2128,55.135012875971306
2129,55.25864593483095
2130,55.01930288624825
2131,55.25909880510981
2132,55.940556159522416
2133,55.13546644388248
2134,55.019183440344705
2135,7018.820469530502
2136,55.702299934226986
2137,55.059655808020224
2138,55.10814490867504
2139,55.17533618477509
2140,55.10836005610017
2141,55.70214413440943
2142,55.17541814255083
2143,55.05999009679944
2144,55.55873200099117
2145,55.050203529497786
2146,55.095247809682945
2147,55.09791607004678
2148,13765.367655451355
2149,7873.629354601533
2150,6960.215476198559
2151,1494.7301176510964
2152,13765.36765545134
2153,55.05020352949779
2154,55.095247809682924
2155,55.09791607004677
2156,55.55873200099151
2157,55.050203529497836
2158,55.44587682235881
2159,2696.0525419010933
2160,31584.632998685724
2161,55.44587682235708
2162,55.0952478096831
2163,55.09791607004672
2164,55.25339769997697
2165,24221.09303908453
2166,55.46246642333506
2167,55.462466423334526
2168,55.28780905111953
2169,55.2533976999776
2170,55.25339769997731
2171,55.46246642333528
2172,55.28780905112113
2173,55.287809051119645
2174,55.28780905111893
2175,55.25339769997697
2176,55.558732000991185
2177,55.05679888032301
2178,55.229141220481104
2179,55.42961087070768
2180,3602.7061820415634
2181,55.08708995603682
2182,7120.022879252933
2183,5749.271868790671
2184,1627.2401646834187
2185,3681.5387090840873
2186,1457.0592487572587
2187,13765.36765545134
2188,55.041177674829754
2189,55.12134769526432
2190,55.198143056824335
2191,55.18130601194356
2192,55.560948055930695
2193,55.37254235612173
2194,55.446922761290715
2195,55.8314353629854
2196,56.01756580504748
2197,55.40127743975678
2198,55.04431179974401
2199,1454.7586248547605
2200,55.46757625473451
2201,55.796400648874446
2202,55.39187851380949
2203,55.018775392311525
2204,55.113490003314084
2205,55.10905331971074
2206,55.057021469187916
2207,55.13138512139014
2208,55.112590298513766
2209,55.10732512377157
2210,55.087277246143316
2211,55.90086027196527
2212,55.55873200098989
2213,55.04220278916065
2214,55.03186070041218
2215,55.002299759829
2216,55.01174187835028
2217,55.047385168469425
2218,1124.3134224996118
2219,55.30622469314556
2220,1000.7609819092007
2221,2489.6793970043577
2222,331.6561539708881
2223,3446.018356437699
2224,617.1162259410775
2225,2296.7288970884492
2226,754.1667292958873
2227,4455.974906913183
2228,55.04146932197937
2229,55.00824208750538
2230,55.0861765541917
2231,55.064515871417136
2232,55.10390418765278
2233,55.55873200098998
2234,55.02803677868449
2235,55.02373224939168
2236,55.006085250308885
2237,55.477927506413785
2238,804.9254470726457
2239,55.439537269775656
2240,55.62485814585711
2241,55.06577424385061
2242,55.12484313221089
2243,55.123518023425575
2244,55.005051069361976
2245,55.02141560839634
2246,55.00347733117259
2247,55.05200733311363
2248,55.026640952722474
2249,55.623884803656544
2250,55.25180036704785
2251,55.54251181930135
2252,55.125774463593984
2253,55.17153300257203
2254,55.22869508120285
2255,55.06160516353361
2256,55.10924298605884
2257,55.08441952796166
2258,55.023323967417674
2259,55.07915809153955
2260,55.01714336567696
2261,55.0258530720132
2262,55.12073610241443
2263,55.135488453527984
2264,55.55873200098989
2265,55.0651703354091
2266,55.01298612213674
2267,55.07539699224046
2268,55.01975706847328
2269,55.03813050075455
2270,1112.9886303243252
2271,55.217239543201195
2272,1076.5805668643482
2273,3657.848250176187
2274,412.59692808753357
2275,1902.3639761805703
2276,824.20461352041
2277,1845.096404885037
2278,480.06645727063767
2279,4455.9749069131885
2280,55.03818413710029
2281,55.03154677457855
2282,55.13074843071126
2283,55.190988614633426
2284,55.380954408312
2285,55.29731581706724
2286,55.03511514965109
2287,55.33551243609379
2288,55.23804034765255
2289,55.228396505251325
2290,55.58636351561275
2291,55.549389252685316
2292,55.95454338129421
2293,55.32281295696977
2294,665.4221489005694
2295,55.48018805657884
2296,55.05418744834431
2297,55.00674113855447
2298,55.00488768814962
2299,55.056222171017396
2300,55.023939065513225
2301,55.03751129168092
2302,55.001754778127726
2303,55.06004701515029
2304,55.03572785478349
2305,55.24420999187945
2306,55.06591531136557
2307,55.09701792060826
2308,55.12738943998879
2309,55.223888957917495
2310,55.01505577844928
2311,55.112343666907876
2312,55.16525170978236
2313,55.14951329284339
2314,55.12052083092024
2315,55.0466481147313
2316,55.148169714645505
2317,55.22024006350554
2318,55.06606241139033
2319,55.310606679623604
2320,55.09584202209362
2321,55.178781441416064
2322,55.558732000989615
2323,55.07166308720318
2324,55.025231572532064
2325,55.10059042333215
2326,55.09998106556257
2327,55.129903408701246
2328,55.188049602278745
2329,55.12530841886811
2330,507.1416007123666
2331,55.11521953373854
2332,992.1814758019166
2333,655.1569869251846
2334,267.40619129669676
2335,688.1644830836734
2336,192.092344482217
2337,1094.9786871246765
2338,209.84511123950176
2339,1110.698161342601
2340,277.4638582343903
2341,2001.872938500959
2342,55.054423703049224
2343,55.01009456620608
2344,55.02551615129634
2345,55.11555293075473
2346,55.07912309178711
2347,55.18594125715528
2348,55.085571109537696
2349,55.30683931536866
2350,55.10073147466527
2351,55.37067582864941
2352,55.31504620266311
2353,55.22547156982277
2354,55.26946422380098
2355,55.269413839784995
2356,55.641912490862154
2357,55.62106593237666
2358,55.91015538887235
2359,55.339763660172174
2360,374.871737830289
2361,55.534698664610005
2362,55.050196728173155
2363,55.01685140124178
2364,55.00405793752482
2365,55.01888169735874
2366,55.099293185299075
2367,55.13800060238212
2368,55.025142537446946
2369,55.14555051195932
2370,55.07497206661937
2371,55.28864768728364
2372,55.04568816142955
2373,55.13328855893154
2374,55.06364067717736
2375,55.12118749098428
2376,55.02780255326477
2377,55.22006740036466
2378,55.22709890146122
2379,55.11587814560723
2380,55.076206822315584
2381,55.18185355315284
2382,55.237846207218006
2383,55.1249004348703
2384,55.23574660227455
2385,55.03321483765718
2386,55.05815474592363
2387,55.1004301210123
2388,55.23869479451794
2389,55.07044332510228
2390,55.118658070029326
2391,55.15793099601426
2392,55.3319002613594
2393,55.091231478284286
2394,55.03577824547637
2395,55.057836461823086
2396,55.09923349867064
2397,55.027634574921215
2398,55.02290669868796
2399,55.032126693575435
2400,55.498164209586534
2401,55.49426262744132
2402,55.095854447611984
2403,55.285214970719785
2404,55.021158852132935
2405,55.08635616147946
2406,55.083480383754704
2407,55.036944593979
2408,55.01473228374371
2409,55.27396920440775
2410,55.558732000989544
2411,55.07397973195235
2412,55.01574950991184
2413,55.05250157647387
2414,55.009596635858514
2415,55.022292169038316
2416,55.033882841263235
2417,55.04670284503175
2418,55.15295198565894
2419,55.131851231183326
2420,297.2531478408426
2421,55.1130400679604
2422,499.44522527770874
2423,383.2805897991472
2424,157.00647998629609
2425,535.0214987757636
2426,127.70860217305116
2427,716.726710135112
2428,157.61426310386108
2429,756.4462861276317
2430,183.34860776030789
2431,612.4107797774477
2432,199.32833281299287
2433,1095.5371805251443
2434,55.04976856416823
2435,55.006051137372815
2436,55.07598793884201
2437,55.014966453605204
2438,55.021384276032904
2439,55.04009116997062
2440,55.06965908983322
2441,55.161071991286164
2442,55.13489856625402
2443,55.26008990942154
2444,55.10186436272238
2445,55.31267237157252
2446,55.25708417416395
2447,55.15209646805046
2448,55.10432790583335
2449,55.303496513732455
2450,55.09410387361122
2451,55.120625622371
2452,55.454917062046974
2453,55.37347757689133
2454,56.10574892329121
2455,55.28532707220532
2456,216.51353248113213
2457,55.51570470232831
2458,55.06527155727837
2459,55.00545155660084
2460,55.00329355452686
2461,55.004942404375285
2462,55.0259635457965
2463,55.104728119108785
2464,55.24782686017786
2465,55.16342918331982
2466,55.04430943448609
2467,55.04951620707155
2468,55.274618369077444
2469,55.149814227785704
2470,55.051825724826685
2471,55.07614071523223
2472,55.01535925263795
2473,55.00656482488437
2474,55.01835037432843
2475,55.0125009631892
2476,55.18101934380928
2477,55.20223429876384
2478,55.10557732165743
2479,55.02382357049987
2480,55.05418621283208
2481,55.10253888042013
2482,55.216952740084274
2483,55.16210181740108
2484,55.071486116209144
2485,55.05148889270823
2486,55.285302027093145
2487,55.264478797599374
2488,55.253400722512595
2489,55.0372138257592
2490,55.01434220342644
2491,55.01798399549158
2492,55.06107571587412
2493,55.00756992071095
2494,55.057179891845735
2495,55.047634204215335
2496,55.08523153154629
2497,55.02237633615001
2498,55.04500943665136
2499,55.0713621114847
2500,55.011251921809716
2501,55.11143780086187
2502,55.31631706433264
2503,55.01339371779127
2504,55.0345548612145
2505,55.057173778931876
2506,55.00337652611853
2507,55.192732846369
2508,55.000215035435964
2509,55.048718433391244
2510,55.10320278641678
2511,55.01442208419553
2512,55.00355126748619
2513,55.02376359937078
2514,55.088938108454684
2515,55.04000257444817
2516,55.04287465010701
2517,55.03171567934542
2518,55.00667738162367
2519,55.00614135289783
2520,55.07617490139815
2521,55.04087340910743
2522,55.056736742232495
2523,55.17419139748202
2524,55.55873200098955
2525,55.03326698487203
2526,55.03856002748215
2527,55.001466043275116
2528,55.026965067676905
2529,55.0178497145622
2530,55.01727035777553
2531,55.01754026942601
2532,55.011884351255155
2533,55.02192377357305
2534,55.0463055751697
2535,55.09757354092093
2536,684.7182303764866
2537,433.54257944561783
2538,428.3082294494758
2539,133.53392358855154
2540,462.2740874070219
2541,135.63411582129913
2542,633.4303829407672
2543,148.2225898882769
2544,652.6075785964987
2545,150.5039452371973
2546,461.6058070283644
2547,122.39184712444893
2548,684.7182303764779
2549,55.02615923408208
2550,55.01125619592541
2551,55.01729908460322
2552,55.004682813326426
2553,55.00840299139318
2554,55.02072854642889
2555,55.00788997697247
2556,55.02974399618461
2557,55.02708461566934
2558,55.06304604925167
2559,55.12876894946357
2560,55.55873200098953
2561,55.026229108710545
2562,55.009454758172616
2563,55.01127213335827
2564,55.00395976389777
2565,55.0022406467169
2566,55.00466268341149
2567,55.00893770191757
2568,55.00538636729899
2569,55.01079719561281
2570,55.42833776542375
2571,170.85809153182277
2572,611.8534750946926
2573,55.4649556440501
2574,55.07232592057895
2575,55.0650498637061
2576,55.02217189778012
2577,55.036684057773115
2578,55.00407619997161
2579,55.02337037886869
2580,55.19571176838071
2581,55.0299113116728
2582,55.60222294501075
2583,55.04773412074479
2584,55.05882389749054
2585,55.07865824335225
2586,444.13397644479846
2587,55.08794519270889
2588,55.009934689235486
2589,55.15164149907513
2590,55.004477877123804
2591,55.020818900771914
2592,55.03283353036899
2593,55.04419941185445
2594,55.60053406898792
2595,55.0443651470274
2596,55.00542399589612
2597,55.16958710695289
2598,55.00489543010313
2599,55.59227316763565
2600,55.12428008853978
2601,55.02867315013218
2602,55.128412547846054
2603,55.01646665639758
2604,55.1734075813554
2605,55.1625447677295
2606,55.01169370993409
2607,55.00727185793535
2608,55.09589389864127
2609,55.150703147757
2610,55.16232691801929
2611,55.0409043298585
2612,55.16383342543543
2613,55.02480048921
2614,55.01652008211546
2615,55.141759585833746
2616,55.05367447702449
2617,55.17435677040184
2618,55.11115518479694
2619,55.10729534337147
2620,55.02690678246117
2621,55.215316145377926
2622,55.11072296463712
2623,55.05788989452863
2624,55.256808910227285
2625,55.102105779513046
2626,55.04510298207873
2627,55.20164056578555
2628,55.04331911356655
2629,55.24992843948969
2630,55.37735097105954
2631,55.286557274292484
2632,55.15939465626411
2633,55.05598858575294
2634,55.0221690534641
2635,55.156869762214605
2636,55.05063241247059
2637,55.037561843284465
2638,55.005131964533604
2639,55.077001798027545
2640,55.07342087974988
2641,55.01001469000394
2642,55.01517136285704
2643,55.04544566224886
2644,55.17057600659423
2645,55.008276997654384
2646,55.108341251262175
2647,55.006339820662895
2648,55.42736509730568
2649,55.12601655825558
2650,55.23827914808216
2651,55.587762893410215
2652,55.55873200098954
2653,55.03737969470497
2654,55.04931613884477
2655,55.00353150091445
2656,55.035693936120566
2657,55.028832491681044
2658,55.02461211536409
2659,55.02349341072809
2660,55.03083723146207
2661,55.02550654446847
2662,55.034061123778045
2663,55.047300990256176
2664,55.05216319420196
2665,55.1423137332867
2666,471.14676246832016
2667,320.2381315577442
2668,308.99773717909545
2669,107.87103877373032
2670,272.67929340577155
2671,103.22713906473889
2672,297.6536715613018
2673,101.59499272962093
2674,327.5405500099989
2675,105.1837937429314
2676,361.59525037354217
2677,107.78675947970113
2678,304.6917133578662
2679,94.82744869163349
2680,471.14676246831755
2681,55.030812832753156
2682,55.01489009998495
2683,55.006545920130804
2684,55.00172722809283
2685,55.010577801085724
2686,55.00044607286053
2687,55.00177352256413
2688,55.001881052772696
2689,55.00128055730854
2690,55.00819862942476
2691,55.00636279976133
2692,55.059408545561
2693,55.08517715209634
2694,55.558732000989544
2695,55.02506397628122
2696,55.0119316790474
2697,55.00234045028038
2698,55.002201909303
2699,55.004008412218994
2700,55.0043702876617
2701,55.00035580613563
2702,55.009250304698824
2703,55.001202336398336
2704,55.005597913017105
2705,55.00069663803464
2706,55.421361193157416
2707,136.70838970521146
2708,380.57755816978386
2709,55.46005486366969
2710,55.0746222736074
2711,55.04459608811565
2712,55.04294555343347
2713,55.046689764785135
2714,55.00708514001574
2715,55.01446931824434
2716,55.08843513959419
2717,55.04446509097013
2718,55.222018864271426
2719,55.00980002790301
2720,55.63426792962857
2721,55.00733412683806
2722,55.04207320688865
2723,55.00407253514304
2724,290.8505225163982
2725,55.005636961708035
2726,55.00357221754753
2727,55.00538428955718
2728,55.00019423377046
2729,55.15518596052936
2730,55.03731964535386
2731,55.000698269498365
2732,55.00075152738299
2733,55.0007363348184
2734,55.62771529817633
2735,55.00101092131325
2736,55.00892174709993
2737,55.003961938049926
2738,55.000298812735274
2739,55.212057367917794
2740,55.06567466899233
2741,55.588681559766
2742,55.00790103237314
2743,55.00455395756585
2744,55.00058290475396
2745,55.007500612647405
2746,55.00272948171737
2747,55.01954847022208
2748,55.006581262998196
2749,55.13941651867878
2750,55.01000992839238
2751,55.040196924289276
2752,55.1461316543646
2753,55.133435355018115
2754,55.177406677799524
2755,55.01867336515618
2756,55.141084783148855
2757,55.035916930747746
2758,55.05349763843559
2759,55.03704293145125
2760,55.193301243652954
2761,55.03328790103792
2762,55.16372757895521
2763,55.0127602386917
2764,55.4030899069027
2765,55.10895403600717
2766,55.13841044252198
2767,55.4047430938038
2768,55.057941393759556
2769,55.059541618544415
2770,55.13956042649853
2771,55.030322629056556
2772,55.04883148885012
2773,55.050389669322584
2774,55.05633930059025
2775,55.03679705419755
2776,55.047515545739444
2777,55.00370926835794
2778,55.04135442987822
2779,55.06100296343031
2780,55.11827532142573
2781,55.032723461809596
2782,55.03463335350516
2783,55.16006496418063
2784,55.1520949368514
2785,55.214269281114575
2786,55.04585768205698
2787,55.10560182075061
2788,55.05285786701195
2789,55.01508205031096
2790,55.13680169575157
2791,55.14038313295933
2792,55.046372123761756
2793,55.004110635244075
2794,55.03384584115918
2795,55.226872988288896
2796,55.21923228420401
2797,55.202934426630414
2798,55.149432144183876
2799,55.03723824450768
2800,55.20774916290571
2801,55.36588203778295
2802,55.22252697517608
2803,55.18210289515967
2804,55.20162720496993
2805,55.04561241741903
2806,55.150642795382325
2807,55.36586472274781
2808,55.22264795189411
2809,55.10263343757543
2810,55.0914506056858
2811,55.068342232763314
2812,55.06707303467207
2813,55.061142020824036
2814,55.18607364601096
2815,55.03024221914633
2816,55.008265978430146
2817,55.13193519749871
2818,55.12904784986819
2819,55.03526576822807
2820,55.00477727964768
2821,55.05055022855229
2822,55.55873200098952
2823,55.061948753689634
2824,55.00650185972316
2825,55.073855021357936
2826,55.001045932186884
2827,55.00572304293746
2828,55.002124081255076
2829,55.000210330439295
2830,55.00283578039155
2831,55.00302893394236
2832,55.00620875047349
2833,55.01327519254573
2834,55.07696441516131
2835,55.07585133775433
2836,55.162307050026385
2837,55.09212812281293
2838,122.82249918108187
2839,55.1047664222738
2840,218.92905281612155
2841,171.09116087973965
2842,91.73672759131468
2843,174.68795751984288
2844,79.15486178536024
2845,217.05342556107766
2846,78.88728389003958
2847,233.83017026945072
2848,85.67069193000546
2849,235.32040034333085
2850,89.86309602638634
2851,245.21096609965053
2852,89.90454183266652
2853,247.14863683662003
2854,91.48493492228293
2855,224.27995447517404
2856,93.37325651906927
2857,348.6581798296959
2858,55.04356100557788
2859,55.0103919541548
2860,55.08112381181526
2861,55.02069695931672
2862,55.019900522152795
2863,55.00565209159864
2864,55.0239943030153
2865,55.00382470907485
2866,55.00905442281552
2867,55.0077262969742
2868,55.00598856653065
2869,55.03521806078009
2870,55.032437016558625
2871,55.157487342951086
2872,55.1391565859369
2873,55.26502144523894
2874,55.1198193529556
2875,55.32107978311975
2876,55.26451919177441
2877,55.15139693871102
2878,55.108997744276195
2879,55.24949009032348
2880,55.06614926271318
2881,55.10944142596213
2882,55.05880710680981
2883,55.06308387813647
2884,55.064371696893154
2885,55.067377608282186
2886,55.089076784565506
2887,55.09599515712188
2888,55.43735548246112
2889,55.38489364084908
2890,56.05019851514529
2891,55.33722458733443
2892,101.09895884786118
2893,55.527117474444196
2894,55.06031947963902
2895,55.015455370931676
2896,55.026951940931845
2897,55.01281083042902
2898,55.007395987987074
2899,55.01071229118407
2900,55.00234657124911
2901,55.01635575546076
2902,55.01823443948879
2903,55.07764311271182
2904,55.193258334905664
2905,55.089352529984154
2906,55.0757561305645
2907,55.15528895145988
2908,55.031911573411186
2909,147.0678885278729
2910,55.07644982510237
2911,55.31279417520546
2912,55.01300301047242
2913,55.034368731198434
2914,55.02399094591636
2915,55.01299529882521
2916,55.03469747611536
2917,55.03733942183621
2918,55.04664923958259
2919,55.07376561620608
2920,55.02164195096113
2921,55.03056932859711
2922,55.010740586339935
2923,55.01250032408319
2924,55.174546095968104
2925,55.15405339137945
2926,55.107747062801735
2927,55.00426862888104
2928,55.02327558248644
2929,55.00115215071648
2930,55.00076724628183
2931,55.02414932835525
2932,55.00526543349441
2933,55.040459263323186
2934,55.0583089990741
2935,55.09221005708631
2936,55.28526379072378
2937,55.17684765537689
2938,55.042198227043706
2939,55.06110636667919
2940,55.32934269549337
2941,55.09868389284358
2942,55.04471422722107
2943,55.03414745786642
2944,55.05404143907675
2945,55.05243157961378
2946,55.03372109753432
2947,55.051457331056284
2948,55.11973955804304
2949,55.01839292936231
2950,55.001009781149506
2951,55.008589326942285
2952,55.001378834686854
2953,55.009544320295895
2954,55.00986333723992
2955,55.10603174444941
2956,55.021373453351906
2957,55.00699799161174
2958,55.00655936748885
2959,55.52112336756932
2960,55.50637143241809
2961,55.00961501325823
2962,55.0139773857545
2963,55.00529119226566
2964,55.08881005126574
2965,55.07977471971108
2966,55.02631437497644
2967,55.03753502810132
2968,55.11677985144389
2969,55.00849733860629
2970,55.01842280139285
2971,55.00201179782829
2972,55.02274444590184
2973,55.03416674394724
2974,55.11311109140947
2975,55.0942101817947
2976,55.11403574314052
2977,55.00555088597002
2978,55.00694510047941
2979,55.14210158304823
2980,55.02278055150523
2981,55.01805605140344
2982,55.03803149644119
2983,55.02329304854245
2984,55.04717527437848
2985,55.02353704713698
2986,55.01985819256193
2987,55.00299973672246
2988,55.036909393213755
2989,55.09284689551313
2990,55.198770655742884
2991,55.03171414045144
2992,55.00304211187327
2993,55.014056032593956
2994,55.09642673201291
2995,55.08347789186855
2996,55.10149812009192
2997,55.00205389243867
2998,55.08104057793531
2999,55.175653082942574
3000,55.03536613289593
3001,55.074902915633395
3002,55.03008224439456
3003,55.18888849570942
3004,55.058538065293575
3005,55.01296254750359
3006,55.1517480200802
3007,55.0229517183871
3008,55.04102238338865
3009,55.00114225053544
3010,55.0142901178571
3011,55.02333578819102
3012,55.04176547739039
3013,55.00184735018678
3014,55.03128249955264
3015,55.08016549992868
3016,55.01122615292115
3017,55.06799442339676
3018,55.029883155266376
3019,55.048212523005944
3020,55.0703187077571
3021,55.05078871583554
3022,55.02856378908587
3023,55.04004748945136
3024,55.00767221127755
3025,55.23702095145714
3026,55.0098170888982
3027,55.03328215203941
3028,55.006404364809285
3029,55.37855815295127
3030,55.23627083720287
3031,55.02978261474843
3032,55.04500374033588
3033,55.01143416841166
3034,55.19676872290774
3035,55.00336735336172
3036,55.07245839056545
3037,55.21855585678137
3038,55.25925652152479
3039,55.150344046085614
3040,55.045355123389
3041,55.04637817429432
3042,55.082268842514644
3043,55.28731377593705
3044,55.20692081587471
3045,55.31484014823015
3046,55.00302212295077
3047,55.31043320258426
3048,55.22111398064627
3049,55.021706843574265
3050,55.26045159070847
3051,55.016075222068956
3052,55.44790267475348
3053,55.21201489027952
3054,1654253311.3066738
3055,88429756.91237389
3056,1654253311.3066738
3057,88429756.91237389
3058,89172250.78369862
3059,1085.4306427327695
3060,2898134.743404557
3061,65.3476524067961
3062,89172127.7701167
3063,2898134.704166933
3064,65.3476524067961
3065,1085.430642732706
3066,65.34765240679528
3067,1068.3948562972632
3068,1068.3948562972655
3069,65.34765240679526
3070,85741.54956343415
3071,65.34765240679612
3072,65.34765240679532
3073,1068.3948562972628
3074,1068.3948562972641
3075,65.34765240679526
3076,85741.54954008141
3077,65.34765240679613
3078,65.34765240679532
3079,1068.3948562972641
3080,1068.3948562972648
3081,65.34765240679519
3082,240661905.43940148
3083,2898134.7175442744
3084,64.7647281333758
3085,66708.149972846
3086,595.3501523038083
3087,452.906672290391
3088,22641.41368339313
3089,64.52625078793508
3090,64.52626226812372
3091,64.76479414082044
3092,63.750424868978
3093,14703.172354218908
3094,63.75045253941688
3095,63.750444295875006
3096,64.13899033628107
3097,64.13897850454725
3098,65.34765240679528
3099,63.862471650554646
3100,4047.574646103197
3101,64.71110359139989
3102,289.9964535125531
3103,345.73060341824356
3104,2599.032815670502
3105,546.5242376569065
3106,63.83791128246436
3107,65.34765240679525
3108,63.85074125295749
3109,65.42355083812576
3110,65.42102715161096
3111,4148.559561018533
3112,65.73264588253173
3113,64.29854877442196
3114,64.06055892187925
3115,66.1959880817448
3116,64.07206004800571
3117,65.67586853782123
3118,65.34765240679528
3119,64.24902254331944
3120,6344.466112262049
3121,65.3761908096056
3122,333.42411055786204
3123,380.0872309911742
3124,3721.6038245215914
3125,546.5242376569071
3126,63.667471999344876
3127,64.26226486355765
3128,64.54090140708763
3129,65.84676743589837
3130,65.79790628982276
3131,64.3583912146215
3132,64.06033806633027
3133,5588.685465094804
3134,65.60698840711058
3135,64.01973624433086
3136,64.28315904623396
3137,64.9060268638178
3138,65.34765240679532
3139,64.64836291303956
3140,16782.325844602976
3141,64.39286996194735
3142,438.79955571276156
3143,378.22066409436775
3144,8887.694089481969
3145,546.5242376569068
3146,64.27372703107639
3147,64.55079577475071
3148,63.8119864806207
3149,64.55178984566204
3150,65.73072172714915
3151,64.27523021846466
3152,63.811247659124824
3153,3560.9447118258854
3154,65.44584789408212
3155,63.99999108673572
3156,64.1685575732289
3157,64.40410651826545
3158,64.16919742089704
3159,65.4453304028995
3160,64.40444109880205
3161,64.00132388967984
3162,65.34765240679526
3163,63.96043117689031
3164,64.13126359087579
3165,64.14490135526353
3166,353.0211106591663
3167,304.9668861059431
3168,294.88631522688587
3169,2093.275088561856
3170,353.021110659155
3171,63.960431176890324
3172,64.13126359087576
3173,64.14490135526357
3174,65.34765240679519
3175,63.96043117689018
3176,64.92151361874366
3177,684.6191394596888
3178,7718.568991685417
3179,64.92151361874564
3180,64.13126359087563
3181,64.14490135526339
3182,64.54547569753495
3183,3175.8070360584125
3184,65.00124422332836
3185,65.00124422332823
3186,64.61977032960193
3187,64.54547569753647
3188,64.54547569753615
3189,65.00124422332804
3190,64.61977032960326
3191,64.61977032960293
3192,64.61977032960216
3193,64.54547569753538
3194,65.34765240679525
3195,63.9877714979139
3196,64.47995073298574
3197,64.91378984957923
3198,3512.6285214223994
3199,64.10338158267416
3200,297.29753000374393
3201,280.41478554332986
3202,2151.7347852653534
3203,247.9682493780959
3204,1752.3310629940343
3205,353.021110659155
3206,63.9208733654079
3207,64.2119987866391
3208,64.47646559102505
3209,64.37347631808774
3210,65.24118655899659
3211,64.78820505923751
3212,65.0495526968389
3213,65.56905677870448
3214,65.78683795432826
3215,64.83818275397523
3216,63.93835528931622
3217,1040.9749524887566
3218,65.24894158993929
3219,65.53177189030889
3220,64.8733897385572
3221,63.80620735335146
3222,64.18239673507361
3223,64.18015101815688
3224,63.988743913974744
3225,64.23349640573568
3226,64.18656063787245
3227,64.16318315249372
3228,64.10108413670875
3229,65.66065524748049
3230,65.34765240679522
3231,63.92614426451668
3232,63.87894125839935
3233,63.67546651062777
3234,63.761689203795704
3235,63.9479808412524
3236,636.4814072997062
3237,64.69218630958164
3238,172.39144081609132
3239,222.0943588189852
3240,339.5093677259514
3241,243.08041715172916
3242,834.6044648452439
3243,217.19101957288873
3244,960.8845651821382
3245,260.46089425361254
3246,63.92637536771673
3247,63.73682500414263
3248,64.10090325333398
3249,64.01914934682888
3250,64.1617723928432
3251,65.34765240679523
3252,63.85741609953892
3253,63.83604819434964
3254,63.71656628867991
3255,64.9799528167131
3256,971.0517744588151
3257,64.90877736542487
3258,65.34087024382788
3259,64.02409749453955
3260,64.23871729321773
3261,64.21109121032134
3262,63.708073076933616
3263,63.82715693987002
3264,63.69001598820245
3265,63.96931353096697
3266,63.849719588558
3267,65.29147375264624
3268,64.53177954933699
3269,65.19523827570407
3270,64.22254492862427
3271,64.34103866165317
3272,64.48927415018507
3273,64.00777766361875
3274,64.16889840880788
3275,64.09273985213972
3276,63.837570247287985
3277,64.07242637406564
3278,63.80087451630547
3279,63.851444999957664
3280,64.22537002421828
3281,64.27390533526753
3282,65.3476524067953
3283,64.02170095094252
3284,63.770815131559004
3285,64.05955395817521
3286,63.81751237636516
3287,63.90996582382786
3288,666.0581987873292
3289,64.48208853872491
3290,175.91449670560525
3291,247.16330925575468
3292,336.23553474348455
3293,206.09568030255315
3294,904.5276455521375
3295,204.35053268300246
3296,679.9300857004858
3297,260.4608942536132
3298,63.91190597647457
3299,63.880589512392746
3300,64.25707621680449
3301,64.40357512961211
3302,64.82817979830732
3303,64.6727907923412
3304,63.8957925211193
3305,64.74966005579657
3306,64.51593660721086
3307,64.52864473862923
3308,65.2393493564636
3309,65.1098217708409
3310,65.71957474575184
3311,64.68378274188471
3312,710.4638939185875
3313,65.16350937749007
3314,63.979906317918044
3315,63.72530472766681
3316,63.706415428187555
3317,63.98647457458617
3318,63.83749906957274
3319,63.907974391918046
3320,63.66809544777824
3321,64.0022183362226
3322,63.89488598087756
3323,64.61373493244149
3324,64.02460412066077
3325,64.13165364968799
3326,64.24735589091497
3327,64.55511170337886
3328,63.78561062400374
3329,64.19614991731355
3330,64.32596882203299
3331,64.31228455640576
3332,64.21320994330925
3333,63.9486883356808
3334,64.29390682668108
3335,64.47064099194544
3336,64.02517079234521
3337,64.70439819601037
3338,64.13777206077074
3339,64.39721843322731
3340,65.3476524067952
3341,64.04724487685097
3342,63.84496950005793
3343,64.14604363342961
3344,64.14020812398398
3345,64.23740942620532
3346,64.3843047333518
3347,64.22047001196556
3348,540.2908098999023
3349,64.2055347363154
3350,171.8337744869772
3351,153.23146207671073
3352,331.38277171008264
3353,155.3193587706577
3354,261.17721838957675
3355,176.56637477792336
3356,269.025388925239
3357,177.26761885182364
3358,386.72257468885044
3359,208.64724875327082
3360,63.980834612266335
3361,63.75199259759211
3362,63.84578508764005
3363,64.18858866351529
3364,64.07270430808146
3365,64.37839266819964
3366,64.09421283588347
3367,64.71262739311983
3368,64.15522061076305
3369,64.83656558853443
3370,64.68556627427836
3371,64.52319206183812
3372,64.58236017976317
3373,64.59281074155848
3374,65.31752747838587
3375,65.23236612600856
3376,65.66791542249985
3377,64.71914106720446
3378,475.7191107105052
3379,65.23156876991733
3380,63.96378321786547
3381,63.79474575755637
3382,63.69779137852528
3383,63.80749117764632
3384,64.1475668758458
3385,64.26496965510523
3386,63.84398452100234
3387,64.27453111309521
3388,64.05899542671673
3389,64.65677108573787
3390,63.94274024581956
3391,64.24273570649005
3392,64.01580997448885
3393,64.20793402459633
3394,63.85620094629141
3395,64.49543671096214
3396,64.49550382825201
3397,64.20869298926237
3398,64.06171829956234
3399,64.37848460459989
3400,64.58673290386486
3401,64.22233351972841
3402,64.54839789171967
3403,63.88278728967073
3404,63.99425802935414
3405,64.1425726604559
3406,64.55677705197601
3407,64.04144252756302
3408,64.217890125613
3409,64.31033513915781
3410,64.79648899010041
3411,64.12023147583676
3412,63.89567187297745
3413,63.99424057019103
3414,64.14635034547484
3415,63.857961739750614
3416,63.834518250268154
3417,63.883204835534734
3418,65.06771797654565
3419,65.0595922915355
3420,64.13549874273473
3421,64.66013760076274
3422,63.821089689902706
3423,64.10047121096376
3424,64.08874749081656
3425,63.90067586236536
3426,63.78328691364318
3427,64.59664478759154
3428,65.3476524067952
3429,64.05572092978086
3430,63.788549518521776
3431,63.97113391817298
3432,63.74587122671099
3433,63.82655849189251
3434,63.89128441798154
3435,63.94571952439352
3436,64.29317483688196
3437,64.24578145467311
3438,306.4517559908347
3439,64.19310459606072
3440,142.13086607666366
3441,132.22123065136822
3442,198.38781682048358
3443,144.83557023171483
3444,162.83833100308573
3445,156.93183630591335
3446,206.3882146145043
3447,159.2788413265968
3448,248.66766904555297
3449,150.29603545457633
3450,262.70789922154364
3451,176.46839874784453
3452,63.96196512513227
3453,63.71706650979017
3454,64.06396388514446
3455,63.782938255677706
3456,63.82306389124784
3457,63.92042910391095
3458,64.0387950715873
3459,64.31410133533325
3460,64.25080136075692
3461,64.56984779767278
3462,64.15447004812475
3463,64.68080912539554
3464,64.54358316037953
3465,64.30219954381772
3466,64.15630866531467
3467,64.65732318234197
3468,64.12458958807677
3469,64.20787599944636
3470,65.03356132448405
3471,64.78355506337185
3472,65.88202778183104
3473,64.60592021286215
3474,271.64498789495417
3475,65.21827903926467
3476,64.02236322709787
3477,63.71248816262906
3478,63.68786638850881
3479,63.706885781153815
3480,63.84689978005888
3481,64.15544578477157
3482,64.5962242549706
3483,64.32375411814567
3484,63.934500594404184
3485,63.9599736363234
3486,64.63421697094334
3487,64.29421470456025
3488,63.96725786094102
3489,64.0627690010761
3490,63.78721007537275
3491,63.721071623259704
3492,63.80405372984137
3493,63.76789985324285
3494,64.37625414605162
3495,64.42683790450052
3496,64.16769003300374
3497,63.837754397965924
3498,63.977386243497506
3499,64.14872038180833
3500,64.51306009187891
3501,64.32107407993817
3502,64.04591216023074
3503,63.96859301136445
3504,64.65190816968288
3505,64.56934769302757
3506,64.63887232295079
3507,63.90462447864664
3508,63.7801605420169
3509,63.80185269309275
3510,64.00527498594032
3511,63.72993319593953
3512,63.98934448883491
3513,63.94964853138167
3514,64.09791743426459
3515,63.82779365939986
3516,63.94122632350697
3517,64.04512316119383
3518,63.761096544689124
3519,64.18821186383948
3520,64.78894038199357
3521,63.77281418886976
3522,63.891485757990395
3523,63.99002976262031
3524,63.69041526831634
3525,64.42974904001385
3526,63.632464836527056
3527,63.95758888397239
3528,64.15031988867085
3529,63.783981326616676
3530,63.69193978842815
3531,63.84030409520358
3532,64.10484588154426
3533,63.91498812469642
3534,63.932219432324615
3535,63.88133926680271
3536,63.721878824488535
3537,63.71871173650343
3538,64.06158687286892
3539,63.91880511895911
3540,63.989906502692634
3541,64.36472393052115
3542,65.34765240679525
3543,63.88334810426366
3544,63.912407019801535
3545,63.662995296533964
3546,63.85728850315395
3547,63.803971671838575
3548,63.80251842880251
3549,63.803404248674596
3550,63.76617914514645
3551,63.82946466619214
3552,63.94571356618968
3553,64.1419665215729
3554,154.98859724491967
3555,136.67116535762838
3556,136.21429453964672
3557,174.34123728777453
3558,139.0761462043104
3559,176.70570448010602
3560,151.58964172998787
3561,187.2945006114379
3562,152.83509572568596
3563,200.05760205936244
3564,139.03614536740488
3565,154.39863907917794
3566,154.98859724492036
3567,63.84846018918069
3568,63.75823365188819
3569,63.80112418043808
3570,63.70324295059211
3571,63.73840000241733
3572,63.82035233801513
3573,63.73517306367633
3574,63.86864645489724
3575,63.85645723795447
3576,64.01339750890865
3577,64.25074273215711
3578,65.34765240679523
3579,63.84874327733509
3580,63.7445549140961
3581,63.761273503873056
3582,63.69685700763741
3583,63.67483144689285
3584,63.702966310541164
3585,63.74203867193788
3586,63.711099689838605
3587,63.754745714362016
3588,64.88796551105396
3589,111.96861758396702
3590,442.9310133893895
3591,64.95579428745883
3592,64.04839858854365
3593,64.02121771376778
3594,63.83125751309855
3595,63.90493210979183
3596,63.69696891651864
3597,63.83619610809208
3598,64.41052718185708
3599,63.86856932339721
3600,65.28032659858626
3601,63.95286178897473
3602,63.99634280417018
3603,64.07348018620107
3604,255.67047843864773
3605,64.10197839968802
3606,63.751975043514605
3607,64.29137811219269
3608,63.70257269238439
3609,63.82260560460239
3610,63.88123319532179
3611,63.93375981979568
3612,65.25800674392423
3613,63.939120705696226
3614,63.71248511166992
3615,64.3395633929459
3616,63.70751668654297
3617,65.2596018009569
3618,64.21322947511537
3619,63.860179849421044
3620,64.2360148272105
3621,63.79226708351929
3622,64.36384718266292
3623,64.32404213996483
3624,63.76502887283197
3625,63.729849160987314
3626,64.12867479037196
3627,64.29220888570319
3628,64.3307819527245
3629,63.923974515504256
3630,64.33299119129569
3631,63.84577147683393
3632,63.795894791048525
3633,64.2765581669212
3634,63.977667897852356
3635,64.35188842458632
3636,64.17884391996071
3637,64.16785831320182
3638,63.85108383295268
3639,64.48003643020932
3640,64.18532715872391
3641,63.99309618650519
3642,64.64595121923257
3643,64.1576279333788
3644,63.93907463525683
3645,64.4614654174167
3646,63.9304292375449
3647,64.5846020122377
3648,64.80267606166431
3649,64.618269866504
3650,64.33743121748508
3651,63.9854681134565
3652,63.82723019688014
3653,64.32048968230553
3654,63.96443754559417
3655,63.90587298000673
3656,63.70788596802144
3657,64.06714845428422
3658,64.05306380676575
3659,63.74882583265485
3660,63.78802870746214
3661,63.94233327987121
3662,64.3395632686664
3663,63.73586877909814
3664,64.1661559747939
3665,63.71998180597396
3666,64.89067862807615
3667,64.21920417618034
3668,64.50073427573315
3669,65.18840507633584
3670,65.34765240679528
3671,63.90287096939526
3672,63.9590394432533
3673,63.692173904316775
3674,63.89985559984362
3675,63.8643699400801
3676,63.84473771422138
3677,63.83727257428286
3678,63.87701540564794
3679,63.849725290471405
3680,63.89193249102574
3681,63.95162187032054
3682,63.96919538119842
3683,64.29004682951505
3684,139.87298432166443
3685,125.74578974805459
3686,124.5182366527197
3687,136.75960185547154
3688,120.32962752492068
3689,129.34373920342304
3690,123.25112933915874
3691,127.10533040335855
3692,126.5150010100087
3693,132.31651650684637
3694,129.97758198862698
3695,136.23977982379586
3696,124.05954939515317
3697,118.07473825717726
3698,139.8729843216642
3699,63.871838152720684
3700,63.78375286796848
3701,63.72257987135356
3702,63.66707507896413
3703,63.75438800388743
3704,63.640491589271534
3705,63.667453125855175
3706,63.66923634776255
3707,63.6598106406871
3708,63.73541638448515
3709,63.72174239705043
3710,63.99929504489073
3711,64.09759260995331
3712,65.34765240679523
3713,63.84239566477809
3714,63.7661279092176
3715,63.67685713361189
3716,63.67382613326119
3717,63.696993031806485
3718,63.70194799310457
3719,63.637740196798326
3720,63.74316230070254
3721,63.65804557153276
3722,63.71422323594657
3723,63.647444676296615
3724,64.87500053491944
3725,99.33371554038688
3726,314.83588300933
3727,64.94676112840439
3728,64.05657887576719
3729,63.93622929875784
3730,63.93313658127701
3731,63.94913296583643
3732,63.72655317100806
3733,63.78413979973975
3734,64.10321508512311
3735,63.93634532291124
3736,64.46788925200181
3737,63.74794652305532
3738,65.30846433482236
3739,63.730475955777294
3740,63.92441002287106
3741,63.69678451353947
3742,190.44333365437535
3743,63.71456711933686
3744,63.692859085646276
3745,63.71163317872006
3746,63.631671170077986
3747,64.30313391127467
3748,63.907920313571
3749,63.64744305809466
3750,63.64856356302697
3751,63.64847393544633
3752,65.31124999309577
3753,63.6541435272881
3754,63.74403388317495
3755,63.69640724521606
3756,63.63570421601764
3757,64.4467345919758
3758,64.02371160040053
3759,65.25833445116017
3760,63.73552933612082
3761,63.70343752085355
3762,63.64435222847746
3763,63.73142269937746
3764,63.682323216335995
3765,63.81231638064257
3766,63.721622645252594
3767,64.26384394726121
3768,63.75212740202579
3769,63.916869932576866
3770,64.27638335277932
3771,64.24347054823204
3772,64.37386346413535
3773,63.81096530542736
3774,64.26676958185784
3775,63.900983764505895
3776,63.9764249967229
3777,63.90672053024454
3778,64.39915914748495
3779,63.88839674497008
3780,64.33135121030203
3781,63.77281902382199
3782,65.04945179945715
3783,64.17503508598894
3784,64.2650591192717
3785,65.02818932612911
3786,63.994568341833585
3787,63.99999335152142
3788,64.27555815783252
3789,63.86983572237228
3790,63.955067704922314
3791,63.96433097164449
3792,63.98751329003295
3793,63.901469234923816
3794,63.95183508045778
3795,63.69270347146649
3796,63.92372184728282
3797,64.005213226207
3798,64.19579147560316
3799,63.8825421172093
3800,63.892000678074346
3801,64.33417907238734
3802,64.2903192150465
3803,64.50302213501479
3804,63.94474289708489
3805,64.15771797614835
3806,63.97209810363668
3807,63.783575372864675
3808,64.27845689769856
3809,64.2904866248441
3810,63.946914702227296
3811,63.697106772353
3812,63.88793729003028
3813,64.47678704311497
3814,64.45899014441072
3815,64.47302567969834
3816,64.30989072377568
3817,63.90312837483113
3818,64.43954240559181
3819,64.89182934445688
3820,64.53672687772642
3821,64.36800373146077
3822,64.4255698598652
3823,63.94071009175937
3824,64.31259889522711
3825,64.8922888377848
3826,64.53638410356871
3827,64.16214265399827
3828,64.12181592600133
3829,64.03410607992762
3830,64.02918763399883
3831,64.00687241553065
3832,64.37755677180759
3833,63.86850029521786
3834,63.73523881776906
3835,64.25223107685294
3836,64.24280578888678
3837,63.89325993596324
3838,63.70402424290475
3839,63.965045886955984
3840,65.34765240679519
3841,64.00880761064033
3842,63.721543979788734
3843,64.05364973571832
3844,63.65512988447663
3845,63.71581964033376
3846,63.673127455888
3847,63.63231676902967
3848,63.682615733482606
3849,63.68542330093232
3850,63.71998597723036
3851,63.77195263340457
3852,64.0643610503843
3853,64.06154961649453
3854,64.31814331294254
3855,64.11680029263229
3856,142.57442730287045
3857,64.16960852644989
3858,113.1638738423542
3859,105.58984424258347
3860,109.2837680510854
3861,106.22625115683303
3862,95.5032741861878
3863,112.8974978088406
3864,94.29564940583842
3865,115.25130664140494
3866,104.83606545955058
3867,115.45214504365067
3868,110.75013036643384
3869,116.76944877169649
3870,110.91751993915221
3871,117.02121421907466
3872,113.16329023755628
3873,113.92189982699225
3874,114.85805670089844
3875,128.7967752143876
3876,63.935666999712524
3877,63.75319921167174
3878,64.08346219558246
3879,63.819170070861915
3880,63.81712758154497
3881,63.71258097093539
3882,63.83637805699326
3883,63.69500714447946
3884,63.74292572351449
3885,63.73257010295566
3886,63.71605286556016
3887,63.897297581493426
3888,63.87975276050754
3889,64.30561637067777
3890,64.2691154611489
3891,64.58518823494012
3892,64.21560859277814
3893,64.70230808727845
3894,64.5603388991721
3895,64.3024677151754
3896,64.16895470851057
3897,64.53985407216396
3898,64.02553828740417
3899,64.17278873709462
3900,63.9975588829206
3901,64.01393976445662
3902,64.01881571325956
3903,64.03010792778416
3904,64.10788671786463
3905,64.12879818514624
3906,65.02701339821678
3907,64.80623678649862
3908,65.82087271522724
3909,64.71285384553278
3910,121.75541706703511
3911,65.24628633319335
3912,64.00358398089745
3913,63.78594223990224
3914,63.85223351634733
3915,63.773093844572
3916,63.73106059842536
3917,63.75758609672103
3918,63.676026424644135
3919,63.79341459837302
3920,63.80311214980172
3921,64.06695389280202
3922,64.44740976113545
3923,64.11348199822851
3924,64.06035645813589
3925,64.31150966570416
3926,63.87703659475481
3927,64.31732798029527
3928,64.06505970513616
3929,64.70456543099421
3930,63.76998367326169
3931,63.89103552451372
3932,63.841337339235004
3933,63.77425861468649
3934,63.89465159464794
3935,63.90770079952159
3936,63.946245136312626
3937,64.05327899988022
3938,63.825401311228816
3939,63.872282591825396
3940,63.75427374671037
3941,63.767862095324006
3942,64.36105714759469
3943,64.30215230672891
3944,64.17610696826885
3945,63.70078490962469
3946,63.8360348255211
3947,63.656786629352126
3948,63.64890089557866
3949,63.83982044205129
3950,63.71123344080351
3951,63.91688717997822
3952,63.993962711973765
3953,64.11551000987222
3954,64.699243737558
3955,64.35628915132432
3956,63.92666335217901
3957,64.00606981908824
3958,64.7478351505331
3959,64.13893232801374
3960,63.93991225814125
3961,63.892431302363704
3962,63.97901202363498
3963,63.97245224651276
3964,63.89103883837929
3965,63.967593344489
3966,64.22076079066284
3967,63.80819148131487
3968,63.65458111987935
3969,63.739609902785524
3970,63.66110578639551
3971,63.74549734876123
3972,63.748635359167665
3973,64.16566395756631
3974,63.82587597126613
3975,63.72740690407912
3976,63.72094012057218
3977,65.09645890526967
3978,65.08545624182402
3979,63.74630675444756
3980,63.77966351277222
3981,63.71021280866957
3982,64.10446850907195
3983,64.07403444948993
3984,63.85399525682291
3985,63.90891381986947
3986,64.20580384226727
3987,63.73713902639993
3988,63.80471913149918
3989,63.67141634388351
3990,63.82999648889327
3991,63.88804539197723
3992,64.18738704185682
3993,64.13147664965585
3994,64.20209255581022
3995,63.713413513646614
3996,63.72420574702938
3997,64.26365813219809
3998,63.83257209750435
3999,63.80349819141486
4000,63.91124932984144
4001,63.834056584574526
4002,63.94912517001718
4003,63.83856896852509
4004,63.818126221782244
4005,63.68552453325918
4006,63.9012668783365
4007,64.12578290419899
4008,64.40909900198113
4009,63.87547810351481
4010,63.686354006865784
4011,63.780964155233875
4012,64.1378871230245
4013,64.09137442774056
4014,64.15596908323005
4015,63.672739127610654
4016,64.08142527292459
4017,64.35277029147949
4018,63.89794228794199
4019,64.058217073049
4020,63.86836929613807
4021,64.3845199297585
4022,63.99579516806066
4023,63.77042859595296
4024,64.29957562727311
4025,63.83133246512324
4026,63.91945403650692
4027,63.656624790573616
4028,63.78316788404238
4029,63.83239232137935
4030,63.92285289030099
4031,63.6695685333994
4032,63.87736955680255
4033,64.0783145829791
4034,63.75829537126562
4035,64.03245904235204
4036,63.87231197938398
4037,63.955518495427924
4038,64.04086518127262
4039,63.96407454780399
4040,63.86039658510395
4041,63.91713430708448
4042,63.732703164282
4043,64.53735635329852
4044,63.74854184240919
4045,63.88889426756708
4046,63.71966387243313
4047,64.85381863013527
4048,64.50150530949188
4049,63.87085090917146
4050,63.9394471592267
4051,63.76334811314693
4052,64.41929344643744
4053,63.6904069893581
4054,64.04926578102342
4055,64.46389439463067
4056,64.57178979936123
4057,64.30803534689447
4058,63.94251139503653
4059,63.94640587191864
4060,64.0825602581121
4061,64.64191359770881
4062,64.50036574271356
4063,64.7016477357549
4064,63.685468909238516
4065,64.68723696547909
4066,64.50470722711569
4067,63.82469420840863
4068,64.63398110578511
4069,63.79120590686878
4070,64.95411858557534
4071,64.48502609236812
